-- phpMyAdmin SQL Dump
-- version 4.2.7
-- http://www.phpmyadmin.net
--
-- Host: localhost:3306
-- Generation Time: Jun 05, 2017 at 02:46 PM
-- Server version: 5.5.41-log
-- PHP Version: 5.6.13

SET SQL_MODE = "NO_AUTO_VALUE_ON_ZERO";
SET time_zone = "+00:00";


/*!40101 SET @OLD_CHARACTER_SET_CLIENT=@@CHARACTER_SET_CLIENT */;
/*!40101 SET @OLD_CHARACTER_SET_RESULTS=@@CHARACTER_SET_RESULTS */;
/*!40101 SET @OLD_COLLATION_CONNECTION=@@COLLATION_CONNECTION */;
/*!40101 SET NAMES utf8 */;

--
-- Database: `mykrocredit`
--

-- --------------------------------------------------------

--
-- Table structure for table `client_data`
--

CREATE TABLE IF NOT EXISTS `client_data` (
`client_id` bigint(20) NOT NULL,
  `name` varchar(255) NOT NULL,
  `middle_name` varchar(255) NOT NULL,
  `last_name` varchar(255) NOT NULL,
  `address` longtext NOT NULL,
  `birthdate` date NOT NULL,
  `civil_status` varchar(255) NOT NULL,
  `contact_num` varchar(255) NOT NULL,
  `sss_num` varchar(255) NOT NULL,
  `company` text NOT NULL
) ENGINE=InnoDB  DEFAULT CHARSET=utf8 AUTO_INCREMENT=6 ;

--
-- Dumping data for table `client_data`
--

INSERT INTO `client_data` (`client_id`, `name`, `middle_name`, `last_name`, `address`, `birthdate`, `civil_status`, `contact_num`, `sss_num`, `company`) VALUES
(1, 'Mark', 'B.', 'Ramos', 'tests', '1983-12-21', 'single', '123123', '123123123', 'Land Title'),
(2, 'John', 'B.', 'Doe', 'qweqweq', '1983-12-12', 'married', 'qweqweq', 'asdasd', 'resdfsdf'),
(3, 'Marky', 'B.', 'Ramos', 'aasdasd', '1983-12-21', 'single', '123123', '123123123123', 'mykrocredit'),
(4, 'sdasd', 'a', 'asdasd', '', '1920-12-12', 'married', '', '', 'asdasd'),
(5, 'asdasd', 'm', 'asdasd', '', '1980-02-03', 'single', '', '', 'asdasd');

-- --------------------------------------------------------

--
-- Table structure for table `client_meta`
--

CREATE TABLE IF NOT EXISTS `client_meta` (
`c_metaid` bigint(20) NOT NULL,
  `client_id` bigint(20) NOT NULL,
  `meta` text NOT NULL,
  `value` longtext NOT NULL,
  `extra` text NOT NULL
) ENGINE=InnoDB  DEFAULT CHARSET=utf8 AUTO_INCREMENT=91 ;

--
-- Dumping data for table `client_meta`
--

INSERT INTO `client_meta` (`c_metaid`, `client_id`, `meta`, `value`, `extra`) VALUES
(1, 1, 'txtCompany', 'Land Title', ''),
(2, 1, 'txtCompanyAddress', 'asdasd', ''),
(3, 1, 'txtS_name', 'asdasd', ''),
(4, 1, 'txtS_contact', '123123', ''),
(5, 1, 'txtG_name', '', ''),
(6, 1, 'txtG_address', '', ''),
(7, 1, 'txtG_contactnum', '', ''),
(8, 1, 'txtG_SSS', '', ''),
(9, 1, 'txtCard1', '', ''),
(10, 1, 'txtPin1', '', ''),
(11, 1, 'txtCard2', '', ''),
(12, 1, 'txtPin2', '', ''),
(13, 1, 'txtCard3', '', ''),
(14, 1, 'txtPin3', '', ''),
(15, 1, 'txtCreditLimit', '10000', ''),
(16, 1, 'txtP_name', 'asdasd', ''),
(17, 1, 'txtP_address', 'asdasd', ''),
(18, 1, 'txtClientType', 'regular', ''),
(19, 2, 'txtCompany', 'resdfsdf', ''),
(20, 2, 'txtCompanyAddress', '', ''),
(21, 2, 'txtS_name', '', ''),
(22, 2, 'txtS_contact', '', ''),
(23, 2, 'txtG_name', '', ''),
(24, 2, 'txtG_address', '', ''),
(25, 2, 'txtG_contactnum', '', ''),
(26, 2, 'txtG_SSS', '', ''),
(27, 2, 'txtCard1', '', ''),
(28, 2, 'txtPin1', '', ''),
(29, 2, 'txtCard2', '', ''),
(30, 2, 'txtPin2', '', ''),
(31, 2, 'txtCard3', '', ''),
(32, 2, 'txtPin3', '', ''),
(33, 2, 'txtCreditLimit', '10000', ''),
(34, 2, 'txtP_name', '', ''),
(35, 2, 'txtP_address', '', ''),
(36, 2, 'txtClientType', 'regular', ''),
(37, 3, 'txtCompany', 'mykrocredit', ''),
(38, 3, 'txtCompanyAddress', '', ''),
(39, 3, 'txtS_name', '', ''),
(40, 3, 'txtS_contact', '', ''),
(41, 3, 'txtG_name', '', ''),
(42, 3, 'txtG_address', '', ''),
(43, 3, 'txtG_contactnum', '', ''),
(44, 3, 'txtG_SSS', '', ''),
(45, 3, 'txtCard1', '', ''),
(46, 3, 'txtPin1', '', ''),
(47, 3, 'txtCard2', '', ''),
(48, 3, 'txtPin2', '', ''),
(49, 3, 'txtCard3', '', ''),
(50, 3, 'txtPin3', '', ''),
(51, 3, 'txtCreditLimit', '20000', ''),
(52, 3, 'txtP_name', '', ''),
(53, 3, 'txtP_address', '', ''),
(54, 3, 'txtClientType', 'regular', ''),
(55, 4, 'txtCompany', 'asdasd', ''),
(56, 4, 'txtCompanyAddress', '', ''),
(57, 4, 'txtS_name', '', ''),
(58, 4, 'txtS_contact', '', ''),
(59, 4, 'txtG_name', '', ''),
(60, 4, 'txtG_address', '', ''),
(61, 4, 'txtG_contactnum', '', ''),
(62, 4, 'txtG_SSS', '', ''),
(63, 4, 'txtCard1', '', ''),
(64, 4, 'txtPin1', '', ''),
(65, 4, 'txtCard2', '', ''),
(66, 4, 'txtPin2', '', ''),
(67, 4, 'txtCard3', '', ''),
(68, 4, 'txtPin3', '', ''),
(69, 4, 'txtCreditLimit', '20000', ''),
(70, 4, 'txtP_name', '', ''),
(71, 4, 'txtP_address', '', ''),
(72, 4, 'txtClientType', 'regular', ''),
(73, 5, 'txtCompany', 'asdasd', ''),
(74, 5, 'txtCompanyAddress', '', ''),
(75, 5, 'txtS_name', '', ''),
(76, 5, 'txtS_contact', '', ''),
(77, 5, 'txtG_name', '', ''),
(78, 5, 'txtG_address', '', ''),
(79, 5, 'txtG_contactnum', '', ''),
(80, 5, 'txtG_SSS', '', ''),
(81, 5, 'txtCard1', '', ''),
(82, 5, 'txtPin1', '', ''),
(83, 5, 'txtCard2', '', ''),
(84, 5, 'txtPin2', '', ''),
(85, 5, 'txtCard3', '', ''),
(86, 5, 'txtPin3', '', ''),
(87, 5, 'txtCreditLimit', '2000', ''),
(88, 5, 'txtP_name', '', ''),
(89, 5, 'txtP_address', '', ''),
(90, 5, 'txtClientType', 'regular', '');

-- --------------------------------------------------------

--
-- Table structure for table `finance`
--

CREATE TABLE IF NOT EXISTS `finance` (
`fid` bigint(20) NOT NULL,
  `client_id` text NOT NULL,
  `intrate` text NOT NULL,
  `debit` text NOT NULL,
  `credit` text NOT NULL,
  `balance` text NOT NULL,
  `extra` text NOT NULL,
  `status` text NOT NULL,
  `loan_type` text NOT NULL,
  `voucher_id` text NOT NULL,
  `term` text NOT NULL,
  `amount` text NOT NULL,
  `date_added` datetime NOT NULL,
  `loan_date` datetime NOT NULL,
  `processedby` text NOT NULL,
  `cancelledby` text NOT NULL,
  `addedby` text NOT NULL,
  `date_approved` datetime NOT NULL
) ENGINE=InnoDB DEFAULT CHARSET=utf8 AUTO_INCREMENT=1 ;

-- --------------------------------------------------------

--
-- Table structure for table `log`
--

CREATE TABLE IF NOT EXISTS `log` (
`log_id` bigint(20) NOT NULL,
  `transaction` longtext NOT NULL,
  `addedby` bigint(20) NOT NULL,
  `date_added` datetime NOT NULL
) ENGINE=InnoDB DEFAULT CHARSET=utf8 AUTO_INCREMENT=1 ;

-- --------------------------------------------------------

--
-- Table structure for table `settings`
--

CREATE TABLE IF NOT EXISTS `settings` (
`s_id` int(11) NOT NULL,
  `meta` varchar(255) NOT NULL,
  `value` text NOT NULL,
  `extra` text NOT NULL
) ENGINE=InnoDB  DEFAULT CHARSET=latin1 AUTO_INCREMENT=2 ;

--
-- Dumping data for table `settings`
--

INSERT INTO `settings` (`s_id`, `meta`, `value`, `extra`) VALUES
(1, 'from_email', 'info@markramosonline.com', '-');

-- --------------------------------------------------------

--
-- Table structure for table `ulevels`
--

CREATE TABLE IF NOT EXISTS `ulevels` (
`level_id` int(10) NOT NULL,
  `name` varchar(255) NOT NULL,
  `desc` varchar(255) NOT NULL,
  `pages` text NOT NULL,
  `limit` varchar(255) NOT NULL DEFAULT ''
) ENGINE=InnoDB  DEFAULT CHARSET=latin1 AUTO_INCREMENT=8 ;

--
-- Dumping data for table `ulevels`
--

INSERT INTO `ulevels` (`level_id`, `name`, `desc`, `pages`, `limit`) VALUES
(1, 'Administrator', 'Administrator Account', 'all', ''),
(2, 'Loans', 'User Level', 'dashboard,statistics,subscribers,help', ''),
(3, 'Clerk', '', '', ''),
(4, 'Collector', 'Collector', '', '10'),
(5, 'CI', 'Credit Investigator', '', ''),
(6, 'Auditor', 'Auditor', '', ''),
(7, 'Cashier', 'Cashier', '', '');

-- --------------------------------------------------------

--
-- Table structure for table `users`
--

CREATE TABLE IF NOT EXISTS `users` (
`user_id` int(10) NOT NULL,
  `email` text CHARACTER SET utf8 NOT NULL,
  `password` text CHARACTER SET utf8 NOT NULL,
  `name` text CHARACTER SET utf8 NOT NULL,
  `gender` text CHARACTER SET utf8,
  `profile_url` text CHARACTER SET utf8,
  `username` text CHARACTER SET utf8 NOT NULL,
  `birthday` text CHARACTER SET utf8,
  `location` text CHARACTER SET utf8,
  `rel_status` text CHARACTER SET utf8,
  `image_url` text CHARACTER SET utf8,
  `fb_uid` text CHARACTER SET utf8,
  `ulevel` int(11) NOT NULL,
  `referral_code` text,
  `num_users` varchar(255) DEFAULT NULL,
  `date_added` datetime NOT NULL,
  `active` text,
  `options` text,
  `parent` int(11) DEFAULT NULL
) ENGINE=MyISAM  DEFAULT CHARSET=latin1 AUTO_INCREMENT=3430 ;

--
-- Dumping data for table `users`
--

INSERT INTO `users` (`user_id`, `email`, `password`, `name`, `gender`, `profile_url`, `username`, `birthday`, `location`, `rel_status`, `image_url`, `fb_uid`, `ulevel`, `referral_code`, `num_users`, `date_added`, `active`, `options`, `parent`) VALUES
(1, 'tjglobaton27@yahoo.com.ph', '128c8b5151a8860d3b31d1fc18fe4e32', 'Mark Ramos', '', '', '', '', 'Portugal', '', 'data:image/jpeg;base64,/9j/4AAQSkZJRgABAgAAAQABAAD/7QA2UGhvdG9zaG9wIDMuMAA4QklNBAQAAAAAABkcAmcAFHVIZFZsbk9yMzFVZEFiYnhuQzBJAP/iAhxJQ0NfUFJPRklMRQABAQAAAgxsY21zAhAAAG1udHJSR0IgWFlaIAfcAAEAGQADACkAOWFjc3BBUFBMAAAAAAAAAAAAAAAAAAAAAAAAAAAAAAAAAAD21gABAAAAANMtbGNtcwAAAAAAAAAAAAAAAAAAAAAAAAAAAAAAAAAAAAAAAAAAAAAAAAAAAAAAAAAAAAAACmRlc2MAAAD8AAAAXmNwcnQAAAFcAAAAC3d0cHQAAAFoAAAAFGJrcHQAAAF8AAAAFHJYWVoAAAGQAAAAFGdYWVoAAAGkAAAAFGJYWVoAAAG4AAAAFHJUUkMAAAHMAAAAQGdUUkMAAAHMAAAAQGJUUkMAAAHMAAAAQGRlc2MAAAAAAAAAA2MyAAAAAAAAAAAAAAAAAAAAAAAAAAAAAAAAAAAAAAAAAAAAAAAAAAAAAAAAAAAAAAAAAAAAAAAAAAAAAAAAAAAAAAAAAAAAAAAAAAAAAAAAAAAAAHRleHQAAAAARkIAAFhZWiAAAAAAAAD21gABAAAAANMtWFlaIAAAAAAAAAMWAAADMwAAAqRYWVogAAAAAAAAb6IAADj1AAADkFhZWiAAAAAAAABimQAAt4UAABjaWFlaIAAAAAAAACSgAAAPhAAAts9jdXJ2AAAAAAAAABoAAADLAckDYwWSCGsL9hA/FVEbNCHxKZAyGDuSRgVRd13ta3B6BYmxmnysab9908PpMP///9sAQwAJBgcIBwYJCAgICgoJCw4XDw4NDQ4cFBURFyIeIyMhHiAgJSo1LSUnMiggIC4/LzI3OTw8PCQtQkZBOkY1Ozw5/9sAQwEKCgoODA4bDw8bOSYgJjk5OTk5OTk5OTk5OTk5OTk5OTk5OTk5OTk5OTk5OTk5OTk5OTk5OTk5OTk5OTk5OTk5/8IAEQgDwALQAwAiAAERAQIRAf/EABsAAAIDAQEBAAAAAAAAAAAAAAECAAMEBQYH/8QAGQEBAQEBAQEAAAAAAAAAAAAAAAECAwQF/8QAGQEBAQEBAQEAAAAAAAAAAAAAAAECAwQF/9oADAMAAAERAhEAAAHxBEgyQKuwevk6hawNgMJJCSBgQwhMCGgsMpQwRaNGavMFWzqAg9J0sW65hkJDCSEkkJIQQwCsKAIgQwkgMHl+tyJqWV9I0viSzqpzdGbqlVqEwLl5+3AWPXZLbXEFRLauuSxAQRipGrjDFXGKkaAkBhxJAGAj6cmmOtoSzUYghgIVYlN0JIYGQkIIIYKGFiZNmGvNur40FdK9brpvuZDKgaQIai2Y7VvgZJJKAnOOhly8BPYHyWxfQjg9OXg4OzyJRJZFU1MZJsQod3K7FQURSwo01BZY0otqVdeWy87SjIxCi303BIIxECQQyQ4gkJBBtObqHTcNZDIEyEMJDCAyUTJEMgDJQV1F5vS5ScFlsmlhJ7NwdZMhIRInO6IXzub1dE1xdWhFpF9FLhfls9XnV2yKu2tczIDcuWS3ogTRKWldkg5WFtEvU07JLhF1LpDWtPKnvKwK+dNbn0slahW0g3JYEMkCQQyQ4y3NLkN4snb5fYLmV7IYSGEBkCQxISAmEhgAwoKyi8jr8A5ejPbLqqz6j1pBuTAQgBTFA8QjRQMq8Y6/BWiVISUM6pnhiiSEkhJIRwyKTbKdNGrGywkr0sFxZ+om8c06abk347Vg6OMS6jYWsCEgpDCQyBkhlxbTnWRdmayjYlCems4HbssMlGQkMYhhIQQyEEMAGFBHQXy3qfNGLRmtzTdk0164g2QgRIIQSVJFGCgKgHnxXVGgZ7lyzZkIrAmirfm406AjmjpV1jmvVqcvVqpBfTbz2ZJLAuaxs6LvN75YbBkY3VU2wjhy+3LopyChIIZIGQ1hszV4vQyyg15XqpdOVjv7fL9uzeS1itCEkilgSEAhFAMBVdAea9L5cyXU2y19fkdw7cEskgiSAIAorAQQQKzlrzxXVKlvWynNrsrgQws25tWNAELKzRc6NXJbU6dGAFyIhYEIz1wWS6qY6gkhJDJJIs0UQ3XcsHaPGtTqnBcuko9Su9suVk72Fea26tMwYKbs7not3l/R2XlLbI8cQPBVtrFDilkgEsQXyfq/IlVlbwvf8/1F7WfHVJtTGM3bdzYdm3g6tOmM5stWArx68ByN+DqL0KbXrgU358mgc031W42MevNZRLBrNcgqCxopl8KJaokIqW1XFQkJIwpgCVg8SBKwaLEYSLHSHoW5NuL0KkFIi1xmeuyq4RY3U5NsvsLOd0tRnrZHIYldqFQsrAIaFbqVeQ9d5CAyMqdLNfF65s0dB+S51RDmqlym7JXKGnHE34FXTD2OT3KsrtznLpuqgXU3S6nrfOhJCSBMKydM7Hk56EIIDAV21Vkuqs3lRpqlpN9NiyazJOs5x267HIPWhyj1Ycyjt8MKvtM71vz6OjExlTvmSpglSpZYdzt8DvWW3VWULEYdbKhayiQBQ82nAXYNOWV8qwAMoRyVm1I6ezLqzaI0yRbRVQJEDAr6OKzU15tXL1MYhVLKmk0HO2WgwZjqtd1SwbbZKjiutg0U3SWnPpxiF03nVVo2ZvNzdrHqc/q8/pjGEMkITAGEo5HQwg7PK7ZxJJmO9Fk2lfTx2UCGyEQaTor0urXZYNWXYAMCxIRUkE4/Y82lKtRm5qZKDDSZn0aowtrslrTQSvVRZEUqQiRK7kpQYBHNXcjdz9ZrsrttR0Oc2PVbnNokxgZ9OTepYl+tkMcx7Es30ssVg8rqchJGvrZTqSM9yIUa1NMYSMGQGRYTDj112mnp5tRw3iTGnLomOy24rNZpZDZt6XO9GZd620ysRdddoaraiMsFjA5/C3c+LMWzBLna25JY7ZsYwli2wsdSp4tSQQwDgDgrjCkLQpx7ks5tj0bGGZzLarplwRjEy6at9Jdn2XVtexrcljAZoQcXq8svuo6ICoh1rAwVqltCmtsIOiefqq+izGYhY512kOVmgmBtxbc9sq35rmCxLOp3OT1qtIZGtz2rdZU46msdBArKDg5WSGqvTNruWyI9tmdUHRoXEvRqMja+TZvnPey4ExWTcUxQhkNGu2oFd9NJzuhztR4hmXuz3DysyRWGtVdXB0lsKgrVcJunOhpGTfWOyl4eTWZmWk1thBubnmOo3KK9mnmGzRTqwVo15OsWww88A2Zotptx1mLZm1lzYLOh2ce3UhjCOAlpqhcKyWqhDzuhwFxtXpyqMozdGunZjq9jWTdbWWCta5UmkGVN4swTapzc/VqueMNWXXMQkIhREKic/pLpzJto1mmOpHHQXoM+leC+uGZOpE5K7KjBQIDo87pHNcCDdTK6C4+gc5CIkYitfmL+nxOxT87RUUeg5HYJCTy7Ro0WZ1zp3zW2XGq2uzp5m+zW6MgDQWGUDBDCSp5/0PDl5+7BdipXVomt+zPs59Xtl0q2y2hYbEqNsqqXgzV6azLVoolo53UzazzLqK98rWAkUEAupauihnTNVWoGCrfgl6717TOdOUS/NdLOF0eBYJIHdTUAS6DEhWZAK24w69vGX1PmfR8WMfV5XX1Ofdj1GzfVcBoTy5q2wjupUyah9tttG6qxLHqZXKxGKGmghJJA5vSyL5+2p83JswbZrrbsW/l2vtS0Ni2I1i2WQwkDqVVW1rmpvqlzU350w83qYunOu7BpuLDJCsr1vMnXK5MWKHNcl9Nf5+s73O5jHob6Lzzufu8IAgL6QS2VSCyMESBKw7nBuqOxjxwm3C1aK7rDsGEhkPJdzh9wvMYjhqLBpGZSrERLApDARosGikKMDzI04pc+zFsm+z0MG/j103V2DPXZVrpZZCYQMCqu2uXNVorlx5tuSzn0bsOsZaLc++e5+dviW1W1umSvebMmjoryOZ6/y8UjRUiRmVLa7S9dmQxi+kB0Z0ktQWPrXDOopzZuQyG6oEENNdbFnS47npjGIGh4/ucPumhw1RgULK8EghIgSsGikJWBKkkEOJh24Zc+zJpmur0+dv59d12Kya2PRal9tVljSpTRMyVoqz1xeuaqW/LpplyYuilzycXTw9OeG9KtY6gl8q4vQTUy9CjTYPLeq8hK2uv0hhr2A85ruxGplNmI06ZcoW0vpvoH6uDeEghMJDCJXoJyud2OWV66+4aWViSQ8d3eM8egbgGu+fPg9GfOuegbiyO0fNCvSnzDHpZ5tj0R4Ws6UptQiSuRzOxx82voYelnfb3YaMdO1Xx9hpssqmtVtV1zXHWFC562nJpsqydKqa5Vl1WbXVpqMnH7XI3zxU3pvm/UoVetzl5es+j28Tpo/lO3w16vc43USzm10rm0rCjSrHK2YtRnaaDTR2zLzNINhIYhhCYaJhjiUI5t6+PcBoQQg8uKJGuZJGl8ZNZyxdC1EvszGNJyOXyiFsplKGazX0eHTXqPORAdLl9TG9OmvXnfHHSybx092e3l12bcW6wZ9FEYuJ3uZ158mu66Xs9Hz/X59LabxGbPqzrh5PVwbxk9Jm7K8pdKS+OUzt5jpyw05lZe6nL1F9ei4pw36jJ0Uoji31iu6Of3ZUsouSinXkosCEhqZgYNduA4zDQd94QkEgIPGyQMEgwRDJCSRZJCSQkkJJCSQkkJJCdfj9nO/Q6qdPPsrBxcVtEb9Wa6y012mdNaUttdgtemuM4dCjNoynPQXWW9dZNU8a3l75Z7Nmjpz5FHeQ87HuM7demyqvVfLNGrnS68GbLYCOmWdGjCdO6mQ2LZkqGGwsHCTJTxO35kXqcv0JqkJDIQGHjJISSEIKSSLJISSEkhJISSEkhJISQi9fkdPOvT7se/l3guqTl6F2Lcz2WYrjTLrRSheOLVbUJU9RmyacVYuzyuwbaKuccSUW74JVdh1NdmS1nLop2XWm3iKd63i+hlfkdngxbzuxxrD6Hz3qjTh3QxTTQLntpppDYzq8EyKnl+7wx/U+f9AEghhBJCeLkhIYQEBkhJISSEkhJCCGAhgIYAyC7sVsvt9/H6vH0aVZExMyLouD2VrqYzjTljVZTbYue6mWmqyoyYdnPsftcO0TiZbunJnreSzm9XkWPflsudDR5nHXul1f2+Xvm8HJuvqc1pY/q/OeiLrEeJm0Zlz5WiM+bTVjRgGQ4vOvoOx1cuoJhJDAQg8ZL5FE0QzzSxkm6VhmwGQ6DGabHME6LnLnUY5M6xOROsK5U7FRzB0Mx3O7470fL0doUDKsYkuu0cdhvsyV3HQqzrLufO8pqNQtT1Jk5nQ5WscvLoz9Ob68u2StoTRyOpywW02WbMkRGavava5p5rXQ6HHvJzrKrOht4euOtq81XXrZ5/cu6mowc+hh3w6rLVbHXn3TdHfIYJBDJCQg5gQZtppJaolaJWBzXJbJUqWykLctKGk5oaFqlXrSyaRWQ1GHK7XPpm/YaeT0eXVSmmxrBZV2e97OdN4zcmhBBqZFGazFc0YNKXHFz6runOtvT4N8eOYvPtalnRrzS97hUDfQHVkvl1asmaOnyQLIUNjackXbTQTpauHI9OfLw9Jz+YS585ro0Zqidnj9M7LA2MQZYQSSQ8+MDTXQs5tkvRTCV1zHDYuWFqQy1C4tZ5pcxzZExDfDAdwMzXmyiX5LlNdPUxaOkKM9Olbx+gdO/nbGtUxoztOJo0010l1NGctoOi5op6GSOV2V6PfynNpp9HkwcT0Qx18m/S53LuMl9Deu8HPbFV6rHrjwr7cgyWVBkhLlsM3Qwd1MY3yuevTaOSvZJw19AV8zOryQ7aOwdBlZCQahBJJDz5pOe9zUQ0Sgl8phdKSXSmF5okuiZ4aTlJrmOG04obJjho5ZumdO2vVz6NcpTDXn6HTk9r28+x0rdJmp3Z6oxdrMvI0HUjX2VpnquIt1V3s+Ya7KenJTYkuOroLOvjafTcHj6dFLCdDqzMz0Dy1NPK15Agg1Ua8Bo7HO6KEg0SGIwYJhXiYbao7PUzarCysEgkIJJAvAmpM96JYqiEgjuzSNL3OJtdZSNlhz5vCYZtBjmoGaaAULpprn9XD1OO79Fd+NnkbOZrOvoZ9cr3pfDtGpce4GCno5Fy3LVZ0CTmLLa+vGMZ6/mxHFKqZeHqbHdVx9Uu579OXIz+v87Zl14Hm9kz0lmcgKtC2oQ6G3jk7R5dyb2VqLK4VbGvCsr3x3mDWRgQkQaSEBC8Quc9azZFVxB0BSkXi5V6SthjqjKs1Y1ANTY4bZiJs5z4ZNfSy7+O7LVc4V+Po6zo10682y1bKJJISyLm0YLcFz6YLSSIa29fgaSvt5jmGfz+2wlvP7K0vEuTPvx75ndydPo8r8zduufNJ3+Zy9HLrvpA+zOVkw7GLIh2M2YK3Y4Vlz3Wwal0cjsedTP2uL6U0kGwkEMkCQZYCK4U0zn6c80AomglBvhnXWZqm5XllOk2ZzYusoTEEAseLSiCrdhdrq0c9vCDzvV5XW1nfpq1ZrWR6WPUNXXkDbga62PRdI5CXFdiH2/KWh8HPsdC6PJ9IO1hUuisy5N2OzBbVZ24Xumnv4ruH3eXnfnAG5enqaONGuxny1WaMU0Rnbs5Fyr16pcRvz56buPfRvld6jh9y5MBsYgkIJCrSmCHOlR5ey00uWyuDGtxgaSGu2rLKboAsGaoaCxgi8t7rg610ZNaHliPTZw+vyev05dPVn046WWIyjPdmjFRFW2yqwstpsS2myrr53qdPX87IKdnh+q90vx0DsaqqtpijHqxamWxLd8k38joejybuV1OBc8Z028fXmO8rgmyqKCaxraTN6bMhXVmilaQ65dzpVW6zIZKGBSSQMktJEjikNPRCwATFFiMih4K4VbmRZu4VyHVmarx2HPMajdiG2PKTBQz2Y9Yo2DN14+h1YdfD0aSr0mfTRHJq041vepy56XS1CfR4hTdj7eandk3+H611iWwQUpKLM8tGHRj3hnavXPJbR0u3n2+T9Jy9Y43b4uzn6emOYk31quczPYHNsmdVIYqXWTINXLrPqzdSuw6MkMJDIAyKYYCSV5rbo1Z3zD1uLNabM8np3JncVo06JszyN2N1uVruo1zNNNs4V6DZjVunFbnWwpZKqPTVXP1Z9ujx+jzuvl9Bt5XQ8/p3W5rhqrEMHM7HLUWZrDTZRYlltGj1eFOVemdadlOjze2xwbBU9MqZbsVlFQt6cpTZXc6dF2b0eJK7Uso4vo6c9PNzvNnp58aEzuqWgSPeuabiYBtxEtq2noWBshkgyQBkCQVkkM7+ZddnLv0zd1kfPthiysaiWRGVhXmZsq09iefmb9tuZiXoK1iyduq3ENnKNNEzlTk67jBvpuT2vMegxw6V+PVm3CFKMPRzS8Nr8Wpsux3l+jHR28q7aNnD1WXpbDAraue3PFOHTj3gNdo6+fPrNfbyiuxN860sErMay5axLyM1tfL1gNJQ6w3bOVeaODvxLb3+b2EZlcEaAkgZCAgkki+Pv67Y9uPRYZ1rLlpWBADBc5rcRsl2eGrRjmb1H50urc9lCEBSVNRatlF2uroA6ESXPL7fOacPQa+fs5tb1WoKb645/G7/MrFo51+s6q83Tl0aKtGdWWI1hrata892UzIT2822qoenwFbLLmsBQXBZTU9yoltEuHD2MPP05o4ztJYBWhMBWL3d/P3pYQwZISGEkKrGVDJF5oUc/psq33KExQ0AwMlx3V3Tz3Oj5y0NUtorvsraxBErS2UbLNdMr3i7qlgVA8K+b1+c59rZzN/LG6/JoS5GiZsXRynC5/e5G8N18XRxu7RTdK5gRanptrzXZbM+lOj6PJy9LpPQaWXt8wtm0XL0bQlDCiaiSNKtiZ3mV6ufdoIpZQFbAOwkvSs5O01SSwwEkkCIRZIvKqjY+jbchmlUkYhlAcWZTbknHbZnsxjSKtq4L9+Yu1c/VJdSUurq2u1rhyLroYoHCuCq+GHscTr447tOLTma3psZFGmpcGHq5TD0Md0bbVsIrVi0vRbVj0Zd42Vxu/nWZn6eUVNll7NWLqa5A59VxmqYTSWAzVSXLN0U6aefauNJsBoEgjQwAYy27eY50jVZRkKCEKIVOTYj8/p2KhCQwWWKxWLZTa6c6zdVOVduYTHb1cHo5mvLqazjjbTrrUZHSA6qxrryNBbVshSwx32Yc8+xqw6cc9tuW5m0AlVGquMFG+itGnm9GFqspEz25qoRH9PitMnbx112kwr0DOibc8vMvWyVQxSDAK0mqq70z0yC6vn3WEqGjBIhJCCSSzVlU6xw66eAhVgc5rZy+ujORGLKsYixo0I0JGCCnREwPrScrNfJtnHuWcvWw9DZ1vv5+jVzY+rgds712OtctpubMmwA18zfjz7Lsl0zpNLJaoMV1aKzB0sGypnvyqmO7Lotonq+fFF2/LTro0JLRQt2XVSGwNZRGMql2RJbChdQawU9KrHbnG6nn2YwqDIESEBgJJAsri9Czl6zXENZ5WeP2LShtZkg5rQulBLzniaBTC40sWGpixJEqa0OVtmaJZSY0kaXdbGTcDGyiyBM+kU55b7c9ueN70slzVMWVlDLpyaQ5NGJaCG6dYjnWRZLPT8KvXn03Ex7UWpHqmjZQys4tuA7NCF4lZtVVqvWawYOxzefpSUW46tBLDASSFVjCQQwCsFs28xyx6buf1mgAQQRSw7qVMBUwQLV2BdHWCQaCEWAhBsUFUaSLIYoVpCV2xBox6c+a96rJhyCFShnvSCY7F10MM31EkF1Z26eDWaZ2+TfU6FVD1Ny/PqlstFl5mFgGQWFZqU2U8PVkybKefowLqpsN+WazrAmsyQkgEpAiGCLEYFzqef1WgA4gVnWxZCCQgkgDbVZRKFWhErCAiwDRTYVdUghWQggMIrAVCk57bsOnPn0GtoKGuWZ5n1otDvsWqsWRoJCbK2Gjt8ikaaOnjWJdHN6nL6k3pau3XJihDAOfaMR5vfKnTPTNl2ZbKKdFdzRVoquRpwad4uimySQgMBIoYqmqeiaevzb+hkvBnazrz222Lzh1rF4p3ZJ1rBWbd1NEhiBlAYVCugIGR1ZCMrEBgI0sEYCJfTIjPJgWZpMaKRZdVWNL0EMaVLURzXaqR1FjzWJKp2+IwrrvM01U8+/o7eP1ennsFT8u9sWcPayhZSoQXPbRYiEWV030pTVdTrO98W3fMSSySBYCJBILfaTKDemaxMtXReVG1FqwXMmajok81zfaZZ38k/Ywz05oZO0VlJAxEsVa3DoUtVFMZVhNCGADrBrsUqsdWajbUFq3uWVgomtTPOhUnPfdllWF986tNem86MvXwycanRTjz1WVtKl1eLpz7WzzWzn2755duddEYmXRXUg1K13LxAGuKi1utld9VWs9aUXaxBIghlBWC+tOlooshqZbs2er9LldM0W1veTwQqwdOqa5W97WOVh7OR14g7Yno4z7q51xC/u2+Z225c3o145IK76taEtXfJd3P7Gdc8X5pURlvTfr4dbh6bgVlYyjR4kmtUzDOuljphqzQNR6XuTIZtQ5TNzuxiebng2vNqGidOfn173HUinTjsLcaM9AZLS0rJWCJJbK4MJAJabK9eK3c3Sq1gAhACF904tQvGXPVuC+f0bM069K1XvIPXahpspl52ffji6+nNcdF2eslNslwVdvmO3Mo12z1ZC0nepoSBoIGCySSmRoWnTWlFi2CFoKSUELFctBXLGKa9q3NUa6Wg9DRefHnYouPL3dbFrzKGmuSh4cXL6PnGN80nayNZN6XzHHXTmWnXONXrnGmyvWVplBbVqosfZhv00Bg5gMD37ghYFWKsLm0VLoNFqM1VgQVWqjdnl5Y3SYquw2i2MUSvpZq112V6uOy3NGCjqyd+Me5mno5Y3156ZRvc5jdW1nFpqwJpootXS9FCdF+QDqtxyvWXmw6Q5wOhXiZdd3MCbs6WTdc3a7jjU+oXXn8xNeTfnWEAjQz87sQ80vo8xxZ1FOYOpWvQx9bzS06WymzFo1xlamRZbbluumDHJQyn0BgysQUIMOfrYhrtKpdnJorLKsdTOkWGyay6a7Km1yaixEaq+gbJtsSpnZaWthnGmGGjqrNcHH6XPOvnJ1dWfRyMvpqHLzr9y9vz9vaFxzLN5YxvrjOWagZrLYlQvWyjQIWSRIBmaHC6eFrJGmuQkgA0K1sUrFilfN6nKXE/axrQ0tx6NXNvsZxU7cuufoOB087OoGMKGW36C9bQ5RC+K6StlDalirVfUZdFULa7FVLhYOVNgDslRIDmvoLijJY9UW6I5IQQMBc1vPXUKbs2VUYZ16d3H1JsXHnXqDj0zfdnno33l4ol7K8lF7C8mL0zzCdKnE006mNrVepmYr08IDDXGSEAYFYdSvz/AKHgNbpkaa1Njtz0oj2N1FnuM+mvJrj2RUkWIqS/SWVrg87o0Fe+mhNlA4UemfgdOtaHOaV5gk6Ay7bTGspCrDFSGABpuoA6yy61bJQGhAQsFXJm92DnLj19DLRM9Vhk3TGFjgmWsmWAvazSNtjPPHVlnJPWKcgdt04R7VqcPR1brjmada3lVzexRcebTfz7loDQRwIHQ5vJvyzd1lZz10WZXz1utxPbooSu89IprY6AkuBCD6TAbzIhSqrTkN/K3LHO128OPScqdiuPbr0SYeiw1UFigaqyniwYqwM+qpUK2My6oreKeZOnT5WFceso0z3SWXJjnU0Xlxd3Ta8edR1qrz5mjba1js0BzqYi5DKR1MIDAEERokODBoDQBBk4fpOdXIkCEQUMevCcl6NGe1qaHz0zLukc1elS1zRrXXGui+uzowMKES36SciuG5s1C6KzYjRtS18ntVycrt03hINEGKsISJaVpJFkYkZoVx2NXBzaZLzrdgnTK2gWVs4ZBBQSBDIaWq6uUOrDgwQOosZQsISSEkAyNBWreIRBlMBRcDhYu9xtSkGAybEry1tuSa33c/Tn0aFKF9nM15q4tWa5szx9c9UYGVdGe7+g5+qk4Yp0eaa3wc5PS6fMejSw0S280WFkQjmsliwkZGCrQVzWOlZBIIYSEghJAMIRZJREhIZERwIYVLIxFZQBoKYSKwIRAMJCrZWOAQxSAwC8vrZq8+NOawIylPC7+NvjnXlZNlCtahlk3dWguT0Mmg0BWlUMF+hW48Mz3Kma5HnfUcWOX2eR17zsmo6uTTNRnq6EMmiyQDRepkgYqlioIBADBAyQkgCJAwEEIIZCSQkkEIZQQB1MBAQEQMghWAGUgYIiyzEk10BzqW+unConTu5uPJ01Zqqt8r5KdeZFVZ1VbAY6eitzzV6gTnvsRrJGW9ZbS0zqAkx7DVN8GnStwvH6+CBebdc3vqstBZS0qZYyErWzKalQ5GADAAYCBACvAbIRAiBSVZJJCEQMEIVKiRYdZUt0xUzfSHEodO9TwlnTtU8ppvfTljelKIrFJNStwK0KLNV6c2dq+8uCnos2ufnE34Nc64pQgAMqqa0rnZLYCi1XRck1ikhEz9MIjlCjqvK11q9k0XAsoC6AIMaUluSsRbEkMayPENNFA0UhEgxQjQQMEI1TjRKV0zBnnTrrwaZ171HFE6dLNmE6X1oWwRAra6Zx0b7jkN3XvPh29im559misDVUy9J+PQd1ODWver4hmt+ekTqRBNVU6M+uKxTvyqrisSumukggb88mdspumADEVXB9Jow8eY238h5O3q5m/U0LVVbrXOc241NDmqFgprXWcLLrPORrqHjiXsHiqvbHArb9EPOlfRDzwl7lPJjfRqxmavOaNWII0YDKQbrKRu0Mcpu3feXB09Gu5SzJjO6nn0XtZuYJ02U0mdGCloqpGWCCUYEjFU2WXHPPVuY4r9+y8uHb1hefmsPrPPazkklqY9yXWGX1XSyQbVm0TEMkyAQnYjXY411a8M6bNnFj1dM82Tr0ExhdYoktorKsBBiIGCLGEJJAGWKkue5zHQyZZvvuOVO27HDnflzxb+lSVXZ6TrHgVL3s/Fab3Z6DOpiyaYCCshIHtTOehovPi2d+y8uBd3FuOVb0lYx26BcgMGIIQCRAyhTCoMG7Ovm6uhg1sLCoEhVLILGiLJCKYenzYl5+ghrZ1qOm5MQ6Ts8udiyzinvFng2dyJxreiiZpoNVOixobEtdGzkpL2288p6IebjXok4Cneq48mujXjjd9aBpwsmjFA5QqSros0abjnzs6Ly4d/ba8uZdtW8xGVzMESCAYCBAisEBZMtLW1uTnnTuJwKG/RZuRa1rzW6TlJ377PM5fYcu8vNPTVrW6ZdEywISCEAIFjA9Pbhr59uq3CQ71fELXXTlya6NeKNa1zyavWqK4WLZFIYIpgEOFg0WK0EGAlhIJC1jNK7LbnnHq3scSzvPefF09KXnmvaXmSIywgRosGURSa1LZzszp2F4Gd179HI0NW1abjlJ33Tz1/ejPHu6RYxXWy81MjMEA0AGrYHnOH7Ty2uuO2lnTY1FsxIIkAJFMNzVnj73KEJWBIKyQoIzFcvdMp2vc4W6TJyp2XZ4k7zJwD6A2cGztlnj2dSXPNboRnLbabhWkZMERosGiwaIRooV5XSuqczK6dyrzyTr2suTU1lq7d6cLX2ReeDRfLykgYZZAgQMUhAASEHC510znZ507C8Gh09DRwA6dXm1ouJb698muDTEBCCMoJFP/8QALRAAAgEDAwMEAwADAQEBAQAAAAECAxESBBAhEyAxFCIwMjNAQQUjQlA0JEP/2gAIAQAAAQUC7oFDj9St+M/m2h/D+rrJ4UtoRycNNdKbjJ9r8MflF7F/bd2b2pd/mQvjRYpQIr418Oo/EfzbR/g/V/yEvftTcacfUEqqmoV8T1EBVYPeX1n4FtclLaCMl3SdklZfIinZuMUu/kje/wAmq/CN+3ztpfwfodanl2a38/dZlmYyQqlSI9RJpzb2uX2UJSOm18C91T5qf2/V1n4kOw/JRVqXdOcIHqqIq1NnnsbslWzramrKCvzGrOAtbO0NdIp6inUNfBubVmKJikWW1yVzExkNGO6WyZm7bJ9knZU1aPzUvsv1db+MtsiP17quljUqRdGJUdNulp5yXR1MTLVxPWTgVdTGrQo1YwlXqwqLshzLKoj8hjZFzz2eS5Fe5xuklEbv2X7MhSRkh8/OihS/W1/1I8jIff4Z0ach6WmemkjHUxKjrMnKko7RkYqz6Y/JkzJmRkZCmZIv2RENZEobXMu3++1jViPL+LEatvTtemlZfq6/wUfvlhUpfm+bKJXhFzlScYwVhtyfPxWOS7Ici2TG7koqRKk+y93hxLjZMpLn4lFsaaLJmKIKF42/W1s05EOGaZXrfI2TjOoVv9Qp3HJlTiEZE5XF8fFqfe0mOmhwe0J4mMZKUcdqfj43kn/H4uUaji4u/wCrqb9XgSiYmnbjX+bUe/UeNqk7PZbqnx02YPdbIaUYw7pSsZs6gpl0zBMV4xcZGEjNxISy+L+yjGRglFcE43FwU60okJqa/T1cVGoL6mnWVb5pS/2OYk2JJk4poQhdriiMYipU5PoxhKrFsXY2kSmPtuxTYqp1OW0KoiLuvgzQtqnmmVOGQqOJSrKX6es/KR+p/jl7/lfh+Yxcn7oEcWMZ/ER89kvEUympJOTJ1I4ZjqSM5F3t/PjjVaFWQpxffODFKUTqjZGViTuxEZWenquT/R1X5T/k/wAb4+Rsqy9hpV/ttcnQjYkfxFPzvkiUi7M5F+65falj1H5+NNoVWaFXFWgKSe1iVNMdNdv9ISaKFXJLZdz+Cv8AkP4f4/ilKqkOszrtD1EhaiQtQRqxl3M1H4jSeSpfC4/LEU95vn5Y/Dx8Kk1u1clTUXhEdEtvcpyxlSlnEXc+9+Kv3307/wBbZe/dTrNHViZx3Zq/x/zSfRDs9v7LyiHjZwbfTZ02NW2UWxQZ02dMwZi+z/jd+fmut6m1Z2ifzZM0tbGQhc7PZoffL6z+xLal9Wtro4LdidF0qlPFRqSiKsKaZrD+adf6ipxD+R8/0j47Z/ZkPr3SSsS8YtjVtl3YyOnM6UzozOjM6EySxdnYyYqgp3Kj4yKzvt/N4mhnlAjt/Nmtn21PpL7FmyMIo6kSda45N7KTRD3Rt2XdrFtqicySsUlamVvxt8RF5Isv2+X5l31PqT8w+tQcUobU6VxRRYt3t3b8aePG1yq7ou+/QP8A2MgNbIa5ezW8irXsOpKQqQ8YDk336XlJc7W7ppMj4NR9JEfC83FMzRcuXJP2xIfbvqkeZS8rxjmVt6f0+Cq7U48t8unHGG3J5XwaL8hElu/LZcuy45WK1Zy28EpjdxLsRjtpbC+FkJW2nWlebyf/ABul2VHwvFMuZC8Fhw2qfan5X2UXIhGMI+0qUpybjjGPj4NU+IlNZT3TLk496NBCw0KWy7WNGqlyzwpTv2pGDI05EI2OkhLEjbHsa7GfynK6l5JfVbw+29Q/4h4Erye0VtY1CSnH6UY5Tu0NEfa4zZXvKp8Ood6niGlXO0kWISs8E1OPdQ00pEYWV+ERTHu9rk3ZTllLy63C3UOFT4Xjex/f+S3wfxOw9qnG1y5B87z+0yPgiR8i8X2ru9R8UtKtmhoV4kfc/hfulU+2njantE8klYpTsVNkUIKpNaRFLTwi0RG9oEt3421U7QI+a7vtYjDhR3XmxYsPz/Ph/hUVheav5N49nlz+/wD04XHFoR/NrkuZVuCjZQuZFyxYXtE+crGSFJdld2pUlef2klbZLZEldF+NtL+QQudmhC4JH9sfxbauV6h/zUXKiY8Lx2XMh7W9vwLzLyWTIR/3Pl7x3fil91zKkLZiU5HRZ04Il01GCvLUO9WMaXTcKZ04HTQoIUWYTMZlpGMjGYs0KZGSZq2U+KemV6m2Vtk+SouUPbSU5XW62XlWv/f757K7vU2kuVtYWyLoQ5KIqsGQtjb2fAtnwj/+nYt5eKfiPlKyW0nwqvteoOsidW8dIr1n5zZ1JGcjqM6rOsdY6lxTQqqFMzRKaZexWllOXFLSLjsS5Kq4Q9tHPZdlxF+2pLGDe7LCFEwMCMUYIUealLOMtM00pxFKSEpDTWz+vZ4RPaf12uXLo42qcJcUaP2W8h8dmm4pijdU0nJ0CVNx78mZMuynTPtKv+WlHGn2LaXjayNHH3di2uX7dZP2kdvAuSKEixYSMbigYmPLpodKLMBxHSiyUXAfY/EPtJ3YyatLthFylTowSqUYSioKIozRky8mYVGdInaLGfXRbqoz2yJQuSVn2JXMYFOnBGodqWmX+2Czn2R2RLwj+Gmp40933XL7amV6hj7Hwr5OCI7LawlvbaxYsNDRVjbexLzHhb9NTJadodOSMXvRgyJ4KsMim8FnceY87zc4Q31Hto9i4M/9eyTbsyVGUY7ab6axlP26fSq9Ts9xC9roc7iRkR8xr8RqZfJqOKhTldVpXIECK2QkJFixbaxYYxjJK6lHF+HBXGP670+JX26cR0IMemRBTVaBdFpM6ZZJokamopPZcvW//RfgkrU4U8oF3Z7WaNLNRq1I3UlZml+mod6tb20dIvZ2X2aLbWIpkUU42L/Hq17iJN8wIERCWy7LFi2zQxjJon7ZQmfYl53XnsqTVONGeVaEXIjBRHJIc5yFcTNVUtDfSxyr1JZTIRuVZZS6jx302GesjdFOWdPVK1U03FJe+eqeVelHGnvYsQiyXtLoXJGBGmJW+XWL2kfEvtTIERboXcxjGSLFQn7ZUajTfZ/dm7FTURiTm5un+RSLvKerpwJ6yciCnZRZWv1N6M8JEUiUr7W7b9TTmnqRjR1M4zkRnbTaX8tNZVO2NGTj0qiJ06sjo1ChSmnGKXbf4tQr0yI/NIpkSO6F2sYxjJEnYkSV0vbJS53hzLbVv/butQydRz2j9oTFUbetpJ/Dcv2Zyx7L+yn7dNpI3n20vx/pyV4yVnEfmiUyJHdC72S2kMmmSJe4bIu62o/bauoJQ02SejkPgt2JtCqTKFLrSqwhB/oR6ZVacpSXT0n07aP4/wBTU8VNqBAiR3Qu9jGhkkSJxY0yRGVi99qX2dUpV7i/21UrJclf8tXdwaIxudNmmxpuVNyc4YiV3XioVSlHOVrzx96050IHp0emY9PMdKaHFruje6Vl2UPx/qar8m1F2ITKcxSRdbIXc2XL7SGWJqw+RoaKUrNlrnT6iqUJ01QjaNiBqOdRP3VYaSrIhQhSNQsoQaWy2r+dKr6iTvK3tocRo/fTq9TvcIs6FMr0IwhtpllW7aH4v1NV+R7U0U4kYlhCYhbX2uy7G2O42zOxlkMY0pFSFie3gi8o0vMVZVPx0/A+CLvU0nu1LbMRoVKPVvjU2qu89Nwifj66aHENMvi1jtTpxvGjDOpTpRpvt0/4v1NX9mM06uU4kUWHA5Qhd2KMESgiVM8PZqxNXU0NDKMrFIQ9RkU5cJleWNGJ/jo+7glwq9fBQzTqSjOMVKGzFxpSf2UOpCrTdKnQVqfw61/7PFDRR57bCckZ1DOoZ1C9UvWFKuKpJLqSlHr1DrzOtM68z1NUWqqi1siGrjJ9SHZq1w9tMZWUtRYescCjrITclcRHawxuw60UR1EWdQ8kkSgLZlTw+X4FFyKekcqdpU4Trf6yhVW2rl/p/wCdFJQp9Yrago0HUNRVKcOnHqqqpweJU4px+2np9SdkhwU4JY/FWeVWr50sbUe1OJeJHFjxv7S0ZPA6Y6RhYeaOTk917TvzteaJZyIznAhrJIhqKcyccozVmacr1DS0oo1ytWoR0/R/x9Vzh/Yi2kJZy/yftnDTT9JS1NSDoV4z2ZYZIqeDDKXpqdOFLmpqYWo7xrSRWqucf+aEF0atGbIwpUSrXlVcKMaCnKVepRp2SqWj5lWfvoxh04xxqQLc1ft8FR404K837pxVl8eTM5GcjqSOqzqyOodZnVHV4jVsSqnVZ1TKDJYlOtOBOeTKPiFK4qcomppSqkNFUZo9M6En9oC2mriyga6PWUdJOUaejkR00k6d1sxkiqRXKjFSxvGlG09dxp+1kak0Q1EjrxZDGKdKrUm8IRs0p/jpfd8y5KUcafjat8OslalA0scq37+nKcRbIk7JeYCe8kWI2OCw1syRIqFLxBNyjK6XtWoq9Z+nmz0lQelqjpVEf1+SyxgupCU8pU6VYilAgzVy/wBdPgpq8qU4wpp+y3C8Vvp8Gul7/wDnQx/8DTFPwW2qEOSOy3aLCWz2ZIkVPKjzRp2iuJ6yrYgU3JGVQzZ1USeVTTQU6r01MekIUJ03pLqOTKk8TqyKv2X0/wAfC7q0im3EXKvaVT6fBXllVZpo40f39L4pCLbVZZOlESGtoS72MkSPNSnGxnFLhFWWVSPmu2mq9RHqZnqJ2RQxvemIbnFaX8RWu59ONONR3k/roFahYrUMylwP3FTx3zeMFy17prj/AMDSeaSIlifEacBERjgNCfBYtsxjJkymuYJzc7J6qv7RFf6n8Q1Y00eG7splFeyr+OV86VNSjPmcvNBY0tqkbqPmr579ZK1GJpI3rf8AgaV++kIRNXS4GuU5CTZaSL3EuExbMezJlQpK7jxHUanElJyYipzTLiJQuOMlHBjKVsvBq6l3K6KdXFR8xWdVbJbS4HGMzFxF3a6Xu/mhjx/4FJ2nQlxFiJEiPleE9uBj4cdmSGSJkyhVhF19ZCKcnOW/mGyZBkrEWWTWlp2JTspe+rKKUZETR/ngRYy5WV1aSOoXba7dTLKsaeONH/wEaafFOQmSZNkGZ8RkXEy4xFy4xkiZUZW2j53h42gjKxKTYnYTkQ4jJ5VKGAzV8RXjRyjCU67jOnqIuXXjdt2hyOaOJGAnepvJ4x8uKyn8HSmdGZ0ah0ZnRmdCQtNNnppnpqh6eodGodCoemqHpZC0vHpULTRPTQPTwOhA6EDowPTwY9Mh6Zk6UoGmlZ0ZkZE3xOoQmLMg5tzjUis2jqIz5T3ezJsqFb7EPJbaA/InYk776eKZXqYrJkYSOpIqyyf8/lKRUjI5KaqlqrWNY6dY6TY7JRrRYmntrJWoo0cb1viXY/H8i7yvy2MZNj4j/Idy3qLKP1dGdyDucDgm+kjlKHA5uUZwUl6eI6KRDZ7yZUYyqvciNCTitmUyrppIt2wp5KVJkaEca3Spx5bfkTsQrYnXZkhajmjXpxPVQOvAdaJVqbKTRHUSRqqvU20Mfb8iP7KRfiBcbLly5kmOcRVYnViZxMkZoUlIXZVjco1MHRqF+MuU9ltwcbNF95SJs8kkVF7tNDKpGmoxradMacdo2iRkmapR6RGnlHaFTEdaLjlxy/kuzJmTM2Zj5HY09dRXwZxM4ikhcjdjJGaFNGaHViOsdZmcn2WLFixYsZyR1mdZDrIlUcinTFlTKVa5e4nxFi2vtcuMuSkSkO7MSouOjc0lJRRPxgpKpRlTagx1Oas5YEJSpnT6znTnDeFSUB3k3x2ThgiFFOPp0enPTM9NI9PM6FQ6NQ6cy1t9JHKt8GJgYMxkYSOmzps6TOkzpM6TOmdMwMTkuy7MjIvtxvVlcpQIoSJ0WinVL+2nNCkh1kdRnWR1EZDmOY5C5FEsT5LWIK0Sa2wNXRuRosrcbW9tCp0p8NT00JE9POI00J2i3d7UleeofvXL+HW2xKVN1HpaLpfDmzM6h1DqHURnEzgZwMqZlTMqZlTLwLwLxLo4OCxiYmJiVPbG13CJFC2r0ljRqOccRRIxLEoGA4E8oGTZCDZGBYmzHmK93nafiESRa5KCtX/Ivs2SV2upTI6lkasJErMl0+zTr3Td50Fep8Osf+w0Ufb8Ni2/JyXZdl2XZdl2ZMuZFy5dHB7T2ntPae0qNXpRIoQiTsqtR13SjZIQtmX58qcEzp2KcltJiQkLZFU/hZsdNmo0mY4dGpJpkuCMskYocCUpKO9L20jTL4qzyqmnjjS/Usyz+Ni5lTRFC21FTqSpxsREIWzJpnUsOo2ZNCtJQbHs9rHKLXdrjlGBOrIlOZHUTRUp09TCrTnRl/KX2tsyp436n+uzKMoxgmn8E3jAgspfF1WXvtYsWLIsjAxpmVOJ1GyM2Y05nQR0DoHQZ0JHRmdGZ0ZnSmVYSjGlEghbameEKSIiEhdlhwJwH4o/bxutlt5J1NmhokiMnEahqadfTTpMWSOpKzuPunTlEp4sl1aRDULu1btRNHG9X4sjIyMjM6x15HWqDcpbKJihxsZF0XMjKRlMyqGdQzqGdQ1FSTdNEULbUvKvBESIhdtiY2UYW3mLwuRnkqVLi3sOI0UpWbnYlp6VUq6edMxlYnvFXc0lKkr1CvTVqbyhUoFOpKm4yU0LbXP3Ghj7fiwMTAwMGYsxZgzAukXuK4nYsmOJYttYsW2fCXMqaIi2l/8AREiiK72ypK5CIt39meE+XVnsixYsMnte6fBCbxr0vZ/KzvMp0M4Sji94+bmZJ3KU3BquRqRkI1EsqxQjjS+K5cuXLly5cucsURDR4MmZszZmZIvE9p7SrJSIQIIW8v8A6YERCXZcnKxOoU0rS87xENlWWCQkIsW2ZPZeUR9ojVxwqyd5GlkkT6l1CM1TjaeoSjLbExRLenXxRTjlP48SxYsW7LLdD2xRgjAwMDBmDKntUERRFC2ZW41FIiiKFuxyKky1yGURC2qPjwmXsvs4oQkW2YyY/sQ2pfXX/hEWYnKJ1qiHUk5EIxZBQSqxmnKKSUaUnVp4bS8Gijep8y+BSE7/AASeKd5yjEihbs1P5aHiIt2SJy7Vs+Zf9N3deV5RQkJCW7JEz/og7SRTP8g//wA4trsyLo42jspyidWROrnEntoo2pfHkZGYpmaMkZIzRkhzLCktk0+58E5dSUYkUJC3karzp/rEW7JE/tstlshESPLihIS3YyRMXkqeKE84r6/5GV5lGPGJ00OkjpDpyLMuzJmZkjJGQ/JTjjD5m9uC5dHtLmJxtaMjpzMKhaaMmdQnN1CMRIS7GTfGsj/r0z9sRbskVfIu1fVfWXFGmRF2MZImyAyZp7ocrQ1F8yjFKk0jgui8UYGCHSix6eJ6Y9Mz0w4qkI08cq3yXLly6LxPaXRwcbX7eTOSOrIq1OoQiJCQuxlRmqjfT6N+2DELZkisIXY/H/JVlanTIi3YyRNj5ZIZRjxUdzU08otNHWaOsdU6oq9j1chao9TEWoiepiepgPUQK1TN/wA0S+VTpipTaxqITheUVenhbOmXpjXLirJXKVNOUqKHH3Ti4SLkncimhMi0LsZJlWRfOlpnjVgyLFvIqI8Nbofh+GN5zghC2YxkmTZFDGUdPCouIx/trudNMqw6cvlg2pL5KGlVMs2Y2NVXUyH1F3KrLHL3VZZyk4peRCODgTaIyvuybEjF0I1vbVpSuosW7JlVCYhCH4fivLmmiIhbMZImx8vxs7kfbGTueFEXLqRjNQ0cUToQJ08ZYmJiYio3PSyPSyJaacVtpI5Vvk9VAnVjGMpz1T8OP1t23L7zqEYSkQ0wtPE6aHSQ6KOk79FovYuSZ5kNtlbg0s+IMiLeRURLhpiEfycrU4+5xRFC3YyTJveEHIilAbMWedvBTLknkq/27IuxCZF3NTLGiihHOrCnCHyzdiHuJTcynSUezIu2Yltm4olLIpUbkYWEtrFjgsiVRJTfN+JMStvUjeNGWNSDIi3ZJFaImJiP5VnmQQkLsZIkxkacmKnFDZcukcyJcC4FEue1DkVOZ90ZGqnc/wCNDHn5YxbfRmynTxMTEsWLb/2cxQuQgiCEyLRJlSbiZyLyLvZmQl21FhUoyvGLIi3aKiKis4sTJzxjSREQt2MkSIK8rjmXZcUCUhEScrkYGKHFFWHwT+0uDSK1L5bfFOWMYISEXEy5mVX2MkyBftrxvHRyIkRbsmirE+rUi+c6aELsYyRIgt1CTPbAcmxIUciUhLZsY0VIWfb/ACzuUnZRafy3MjIu+3nat9oi7LjdxXLlxscjmQkW7bEP9daJFkRbMkTRVgP2mnREQuxjJEvOM2mpXoS5cvb52jYnIxa2bsNly7LEsb+09paJZFomKMIliMrOMk/mXJbtvtU+6FstlyWLXHTkSjNGEmKmjEsWLdupjZ0ZXjEixbskicSvApLiIhdjGSKSvLq81rRJu9a1hyM/dUlG9OKipcyG9kr7yXd/yt72IVPjvtHZ7ottVIvhbRHHn6yuRQkhxRghUEyppvb31Y5Q0siJEQtmNEkTiQ4cRC3YyRNi9sZ8isSmZOTpu9X2wKayqOfK8T7n3MXbCpYTv8SXwtH1aZcTI8jpKalQlEjKxmZGZCrYnW4d72ZZnPb+OvFkRC3ZJEkSiUpC3Yxskzy4pipslPmChVK8lOXuvCuQWNOHMmPZD7H2sXdGTRGafwWEu1dsoKRaURMRGVnCYmOKZOjc8Pse9uzURvGjK8YiFuxjQ0NFKV0MYyRJmWNO88V1SMPc6eKpywm3dxpqMqnimN7rta7l33sRn33Ll9uTkVzk5LMsWMSVO44yRkKVinO6vtUpuT6UizWy5I04sqU8d2hb0vZOLIsTF2MaGik7SGMZIlyRZmzNl2WyOnAxhEoXcqz90PHwMa+aExO/biYoxLFixYt8DppnTcSLsKdyEhWMUOB04mCQqcbSUpOaxFtJC2rKxBiYhdzRLhrwxjZNkZOJlFmQ5idy4uTwqPFN8uIx9tiw0NDXzRkKV/1XG5i0Qk4kaqFUHUOoZSZ7sYzjGNSWT3fDQ1dUuBCEX7WVCH1YyTPJYcTHmxiQpmFiU3aXFJRLdlixYsWGiw6ZKNvmuQn89y5cv2NDuhVIkZwOpEdYylIt2IaFtUVnFiYu5lQh9ZEiXY94+JeJQcm+ZNkS+9i21tsdmia/QjMTuX7blzIyOTk52sWMSxiWLFjFGKLfC94e1oXcyoR8SJsXYuV/LbPwvEB/SOyF2W7GNFaOIpid/mjO2y71+y9pogxdzJbSY+X2eBdtIk/ahC7LdspJEpyZJXGrbRn8rF3r9trZ+1oXa9mTYu6DxeVjITuS4VPzVVqimiIt7dlyw0SQxrZkZWL/ACLvXev1WeSLs0xd0pbrtsK5gxRmhu5T8VvDWNSHf53ZIYx7MhL9JfAvlfwsZCQmXL7NkpHnax4F3RlcuySuR4lWatDmcWhfCxktnsxkJtnJyc99uxfGvjWz+GxZGJdimZjmOdzG5bs8Pt8HUOoOV9nCxQkRd+y2995D3Yxngi7r4ejA9PA6ED00B06KOnGUp0cDpxtGnFp0Ik9PJDTW6+B7rZ/FIQyyZgYIt3NC7vDySM5DnIlPJtGnrZCZkJly/a2N9jHtTdn8PArPbInTUn0WiFNsfunGEUY5PAnRTKmlJUpR+RbMXwsW1viaE+yFGUyrRcCrCUE2x7r2zlqeYVRTFIyLlxsbGxvtezKdT4bZrCJYimYko2jQeULYy7HFFSKJUoyJ0ZR7H3LZi+J0poszGW63p0HOMaTc/SsowjKWoo4GG1tqNbAqaiMkpe2as91FyGrNNxIVSNQzMzIyHIci+1y/dTkmu/DdD4U5SKWVMUs1HjslIq5lOnKUpQuT0xPTyiMSbHFowdtmUoKySJRTHC21iwo3a0rK1LpkYpxe1OtFRjKDLxKsVn2UanTdSrlL1RKd5yrSmuUZd1SNx7042jUpKanBwaYjOURVjqHUMzIyLl++DIy70YmB4Kv1XjLKUH222iueCpVSEp1BadGHSeovIi1gvMYRNYkpQqWjnJmcjO8RMkxOz9TG1asqiUrbva/yMi97FixWhtSjlLaUFNVKTptOwrSJUy5ExuSSR03ZxlHusNbL3KErrvRYlTTHS4kunOVVFN3GLdlaTLshDIbVKNFuSqK8ILJOlGRLT2HUqxKk5TF8zXbYsWLd3gXZZsdORXpuDpRtHdpNVqLhspjSkOmyMfdFUW04udSeROzaLFhRLDGi+MnxK/akJdtankqdKKkkhkXfeV2OJa0p1cVzISxj4Kb90X71yVY3eFz00rYtFvgt2PZd9mWZZmEjpTZ0ZmEokaUpC0rFQpxOrTgPUlWaqLuq6e400XFMU0ZIyRmhzKd5TqKVNdVElJQdViqMTUlNEeY0Xx2LvceVtx2N2JQUiULOMuXUeTql7OE7CqWIrqSVKCP7OlcVKlUVWjhJwa+BFOhKQ6NNKVCLPTzPTSFpjoU0Woo6lE61I9RA9RE9RE9Sj1TPUSPUMjquJVpsyb2sWGrd84RmT0zQ4uPd/j6ft1ssq5RrOBVgmWuSg4K+ShxKnxU+KUrKCPAncW2SHOJwycbH2JQHGTKcLnRmzoyIUVFVE4yT9trQivZTRUpTKakyWnix6Ylp5IVCZ6aQtMLTxP8AVSKmpuNtnKI1podecjqSL/DbdCi2R08mR00RU4onBNVqWHwNJjowY9PE9OjoRK1OMY5x01BVGqlZ9aVsZKVpScYFSbmU/tOi6Ti/f8LKqmQ8FhPaxgixgVIieUfBFWqR3fnBERq6dIhysCxjcxMRwHRkTo1CVKaLEU23p5kqUkIxZ0pioTFpj0yFpoHQgdCB0YHRgKnEcEYROnEil21IXU44v49TPmUnJrEsVFlOrCnGgoym53pDjiU/92mgrVPiaGhbNGRfdysSmUyzbx92/wDZfWPg8lu+xJDRKhnKFOMBjQoRLL5vG7kkSrwRLUFSpl8llOq9NBqpQ6ZZj4HNsSjB1pxquSSj/j5lWOOq7F3yfFN3jtKJfnkcmhuTFAsJW74b5fA+V/WrbvZduSOpE60DrwPUQPUQPUxPUo9Sj1KPUkq8pDbe8vjZk1POUi4mN3c7pw5jKLSjC4r0Z1qkalTbJF+xT5vsyRFWW0/EY3HdCih8Cl3W3nvY5RfulwO0iG1SvGI9RIWpI6mBLUoepY68xzky/wA9hoXws8VExzkiGbLTHwYO12hN38uSwndva/bWU0UZNbNpDnETT2crFsjhHk8GZwy1vgkJ7ci2t21qiQ6tMepJ1Zy2ey/RRGlJi0xGhBDpxKtFDXwaipshMTsKciXucqrnFOKov63TH472Yq1/9laOULWIQlajUckVqmIoOZjOJSrXLC2fHe/ttF37pzUSrqrjbfwLsUZM6MxaeQtMz0p6U9Mj00RaeB0YHRgKnAxS7ZIrwt3vhN5bLlWFtdiKj4g+L835+Fe2ZVpXazpmmkrZlXLLqsVRsVLqOw0XGLul99kJ7zqRiVNSxty7lFyIaYemiemPTMjpUdCCOnFFvie67GipG5OGL7dQ7UokUrun7VkjBMdNnKLk3cV7sj9vhn9/sf2bZJPKjXcXZSXp4kacY9ltl3VYZRh43nUjEqapsbct7MwkyNCbFphUYISS2f6z2kitC6fHbq/xIQveYRR7bEoolSQ6B0WTpOyI+BsyLl95VRT5lKypxciS9vTuo0heO+xfuftqbTzZ0Gz08ToQOjA6cTFfEvmYu+aK8O3URypEWIXJw2RlGQ48zpsznEdRyju9qhCVyd0upkqUbucCEd8RRd/ha7p/ov8AR8PvqRJxxe7NRTwkKTRGaOGSjdYWFVkidSUtmylzLaS2xmORk5RfEaXCnOCKUk18/ja5f9J/osT75K5Wh2zipKdPF7KTR1DqIzRkZbU1jHe1xox5dNE/Y3Kdpyu6NVwkpJrqROpEU4v5ZcfqP5H2LZi576iKsbdkldNXJ0hq3fFCkJ9jniRkpEhQHBWrUsZRXMfGKLIxRGDthK16kSLm/hb/APMckh14IlqokqykPecjwvI4pnSHTZ05GEhUmYW7IvepwtNKWfgjPLbWEbp072ikxwI8C7Ghe19l/wDw2LfJDqRRKvA9RAeqiPVMdabMm92hSa2qSxUeD7N97Gt1vXqSNNDhq6pKxKViS61SNKK2prZxI9s1xCV0X/ZfwOaQ68EPUxHqh6mTOvMdabOpIyZf4cJMlQmZYi8t/G4liwtlRvKMbbIcCTjCS5ErmNt/72NlrS/ae1x1IoeogiWqQ9RNjqyY32vsWzRixQkKjOQtKyOnijpwRnBEtRAr4TcuF2ORmZMzE18knYqe9xVkKXbcyMv2rolWgh6mJLUs68x1JP4UmKnJiozPTSFpmz0p6aJ0IJKMENwQ6sEeogiWqRLUyJVZSL7Mb7H2ojL4V5JyIqxGRwNClu5F/wBfJDqwQ9TAeqZKvNmbfw4tiozZHTSFpUKjBGMUZxQ68ES1MT1SHqh6mZ15sc5Db+GS7LElbui++pUUUtXK61bZHkjEwOYjmZIy+fJGaM0ZI6kUPURQ9SPUsdaZ1ZnVmOT+HFipSZHTSFpkdGCEoolVgiWpiS1THqJsc5F9r/FfZJsVOYtNNnpCtp+n2NXGrdq4fbU1KiVakqjvYTKMyJKqkZyZbsujJDnEdaCPUQOvAepiepPUs9TI9TI9RMdabMmXLly/xpMVKTFp5C0xGhBFoo6kUPUQRLVEq8zqSY/kRixQkzoTYtKxaVCoQQoRXZUjdVqeL3auOHZFC7XLJxRJCZTl7pVoo9Qj1J6mR15s6szqSM2XZf8AUxYos6UhaaQtMhUIijFGUUOvBEtUh6mTJVJMv8ai2KjNi00z0otKhaeB0YIxj8deF1JW7sTHvjFlOPuqNZt83/UsxQYqUjoyOjMVCQtOxaZCoxOnEtFCsOpFEtRBD1Q9VIlWmy7fx4sVGbI6Vi00TpQQkl8D+G5OcStix/L7YlSuN3+GzMWYSOjIWnkemZ6Znpz06OhE6MDpQMImMTgyRnE6kR1YHqID1SHqWdeY6kmZMv8AIoSZHTzYtKRoQRikv0LodWCJamCHqyWpmx1JyMZMdGoVLozFL4229rMVKTOjIWnZ6YWnieniKlBGES0TgujOI60EdeJ14j1KPVHqWepkeokdeY60zqSMmXL/AD2bFRmyOmYtPEVOKOPmuOSHWgh6mBLVD1Uh1psvJihNioTYtIyOliKjBFltqaWSqRcWKRf4VQiKlFFooujqROvE9RE9SPUs9RI60zqzOpIyZf8AYsxUpMWnkyOmFRghRS+B7PsckSrwQ9VEeqkeoqDnI5ZhJi082R0sj0qI6eCMIr4JK61dLeD+F6ljryHUky7L/uYsVKQqEj0zFpkKhBGMV81yU4pS1MES1bJV5sykxQkxUJsWkFpoiowQoRRb5q0LqvDF7Rf7tjFmDOnIVGR6eQtMemFpkKhAVKJZfoXHUiiWpiiWrY602XbFSmyOlYtNEVKKLfoto6sUS1MES1RUqZklZkP0sWYSFSkdCZ6di0x6ZHp0KhE6UTpxMUYot+pcuOrFEtVFEtVIdWbOWKlNkNKxaaKFTiv0Ljkh1oIeqiPVj1E2OpJ9jGWFx8H/xAAtEQACAgAFAwQCAgIDAQAAAAAAAQIRAxASEyAEMDEUIUBBUFEiYSNCMlJgcf/aAAgBAhEBPwH/AMDXfUDQNfM1F5NFFdihUOaNWbX4ZZtZX+DoorjZZZf4W/xj+DX41Oxri/iWajWKeV5vtxZfx3m8okiPeQ18p5Q+AhD7mk0GgcSiuTKKNIlXwEsn2kJcaKHEr5N9uIuw1+Ej2n+Dj2mP8FEXZaGvwUcr43wllX4CI0ULNp2JcGUPx+Ah21lJ/gIee43kxuvnLzxsXGxvJjRZfzYu1kllRXBsfFIr49FFFZxdZWUeC83lL2I4nFD79FFFFFFZ0UaRojHhRXHqJUqyjOhO8mtK+DqiXEuJ/E/ifxPY9ikUaTSVkzCv77GLK5ZIjIjKxzb+DsmybJtGhIo0mlfs0r9mn+zR/ZpIrJ9jGnpiMRhYGr3YsKKJQ/RGeVd/dN03DcQ5WKEi3Hya4mqJ/EqI0voXNZ9RK5VlgYP+zzkjEj9kcVxI4ikMooooop9jQjQjRE0RFFLKr8m1E2kbJtEY9qTpEnbMDC1OxZskrGYTqXFFnkl2q5t5sg7547qJ5ZhR0x4PLFj9mGrkIrKyMkXEtIfPU/0a3+jWbhqb8ChJ+TS4mrJu+EjAfJnUvwYauXGTyxPBhuiJY33FJmtjjaFhRNA4ii69xwil7n/wXDTZBaJcmdT5R02H/s+LGSlbLITo3F3oQsWVljnRKTkUUVkkRjROFojyxYapISpcJMliJE8Ry4JC7i6dCgkVniSrhZeUEaiyqfBli440qQ+KZCXcvjPzxSFArOa++LQuDHF4sqX0f4Vh/wAkTq/4lF5oXwJrhQke/BorsyIyWBbv3J3J6mJexJVwTIv4DjY8MoayjJGpDmhe41lNdhnUT+izUah+74JkWLtaTSUUVm4oeGONFZUYebVjXOrOpwnGV5MQuKZGYuzeVlllll5NWPDNoUM2spx5xiY2HrjROLi6eaHxRhv5TRJVxis+rwNS1IrJD4KLZDp/2KCRQ18eyyavgkJZtHVYGl6lkvJLPDwnIhhqPFrl6hHqEepiepiepiRmpeO84GkURLjOKkqZjYO3IURYfsSjTMLAv3YlXJ9ihKsrohjyXkhjRlyvlay1IU0zWjcVWKafuTx4o3Zy8InBzj7mmsmlYmXzfOKJLjHGlE9UqI4mpWTxdBepWaWWRxJOVUYrmv8AiLU4+5GNKiWAmQwtJ6eIsKKNCuyOHFeDSkLDjd5MxYfeadCqZ7rzkot8mq4pmq80SWak14Fjv/YjjwNSfasss1o1IeLE1Sf0Yia4LF/7CjB+GRVKhxis7GP3V9rzlpKzTa8Eeol9keoixYsTdiPGX0VOXkqa8FYjNt/bNlGzE2om1E24iSRLFiieKpc0LhHttCdLsKVEcZofUKhdQz1A+okb0jcka5Gplst5KLY8KXOPk20PDHGhdmyy+0slhSY8KRsyF07PTnp0enibETZiLCismY0ad8UaWRi2aaMTLSV8KGG5eCPTpeSOHFcdSRuxN6BvxHjxPUIfUfoeLJl8fBGQpC9yWm6J9muzHDciGAl5PA5pDx4ol1DfgWLI3pDnJ96K1ISSysad2P3yrvr2N2RuS/ZqfxE6E4zHhP6EmNMfCivwajZVCxJI3pDm2KOej2v51M25foWDJi6d/YuniYuDXgSF7DNJpEsmsnL2os+vi0LCkxdPIXTL7FgRNuJpRSytDxIoeOh4kpeEVWdFZWXwuu/QotiwZMXTP7F08RYUUUlk5JDxoofUI3pPwjVilYrNqb8s9P8A2Lp4iw4ooxI3ks2uN5Vw0s25G1I2ZGxIXTs9MenFgRFhxRoRWTkkPFih9Qvo3ZvwjRiSF0/7YsCIoRRXCx4kUPHiPqf0PHkzVeSZeT4Qg5EOn/ZsxNuJpRXKzUjXEeNE9Qj1H9G7N+EVisWA35YuniKEVwckh40UPqV9D6iRvTHiSZb4pcL4RwEvJaRuRN6JvxPUG/8A0bs34NWIf5WaMQ2ps2Jfs9P/AGenQsCIsOJpXCx4kUPqIj6h/Q8WTL40LDkxYEhdP+zagvLLwojx0vCHiaihrjpmzZf2zYRsxFhxNCKXa1IeJFDx4j6n9Dx5Mcm+NCwpMXTv7NqC8mrCRvxXhHqX9Dx5Mc5PjB9uzWjdib0TfieoR6g9Qzfkb0hzkXyUWxYMmLp/2aMOPk3oLwPqH9DxJPmotiwZMXTv7F06HhJeMnw//8QAIxEAAgEEAgMBAQEBAAAAAAAAABEBAhAgMBJAAyFQMUEiUf/aAAgBAREBPwHuz8hYseL+Cxj0OyuyPjTd2WiO3MjHihCF8ObRF13WMY85tGD2vfIhXYx4TojZGMdGMWQTZCItGpbmMeqbUlRTvjY9cXm1JOM65I2MY9aOJHSjTNpxYx4x1VqknTE4RvjJa6tUExaPgVaotJHwJ1QRaOqx2eiRC0xZ9RCEK6k941ESMm8JE4sj9+BVtiPgVbItBOEdqcVkrxd92qLrOLx8CYweUE0Wi8kdp2mdXij+2qpZx99NCEIQhCFhNoK1/NHjhRhMC6LGMY7MYxjGVTaNHjpc3r8i/DnJTUTFnvQhCEOyFeSdXij1byeT+ReJKZJoiSaVi7PRyORyORytEnI5HI5FVV5ykiCIPJWowgpm1cetEZoWCJjRVGfij3aupzhFqJKvzFHvShCEIZ+iEThB5Yz8JV+YxagqwW5juzljBV7jPxHmr/mMEEQrTSceo8JIvVGVFSgmXhBFEyU0rGdjHi9NWEWnHxw5zmOjO+JJwgp/zB/pkYz0Z11aaYFyItGM9JaZ0+Om6ymOvGM5xBROqY6iELGcotTKI1VfAi9FWEYTKKvL/wAOUyMiezOERjTVeL1VoqqmcYnLicRCELchCygiWM5+xlfkzjYhbkLCKRIY7R+ExojOc0TaREExaSZGM5HLB2douhCst04yLJjHoVowVpiyEIjpI4iEK/oYxjHdEfBRxEcRCzY9DHtWxjGMYxjGO8ZMmRlOczd62TUPJCEIQhaoIz/D9FpZNVkIQhdSM5I1IXW/BitGLI+IhCykp7rGMifhMYxjxRx2xgx7GchjuhCFb0M5HIdonSxkDGO7GMZyOQxjHdCEKzOQ8kIQiNXIYx6EIQhCPQzkPFCEIW52QhCEK3o9DGcjkchjxQhC2IjQxjGPYhCFsQukhCEIQhC2rSxjInL/xAA3EAACAAUCBgEDAwMDBAMBAAAAAQIQESExIDASMkBBUWEiA1BxQoGRE1JiI2ChM3LB4QQksfH/2gAIAQAABj8C13fSPT+/TPy9HNwxHB9TPZ+d+uuvZb9sl10j0rplD4nXvK5R3R3Obbv01HsvdckpwdDTivpexiWSlteNj0t9dQpwfjX8okjmOdaas4YX8SicvjEYVfJ8oU/wWdH4ZC0i88fZV1a18cTf4KfU+i0f6UES/cr/AFYYfR8Pq1/cvDUpH9Og1h1wVZZ30pDai9DcbvtV3q9ugq+opJfnavAi3Ev3Pj9V/uWihZ8/oKMf/wBdwxaKxuiLQxPoMFtunQW6hESdCH87+UOhWqHHF2Ku76LEraPB5lmVd7Jct01NEH53oYvlfIk7swYEuntP0VPW9kqVl6K9K6y5jJDau/F11EzMqblyhQqp1XSWk5Q3778T9zq9u6KKEqV/TvYnjor9K5RPoKI+UJmm5azPlQpLJkz0Gego+ieiPei0N0puZ2lx14e9N3JkupWejutijz0L0RP3quthyicn0zfRZenBbTU4uge5RmTOp/mXv7YpU1UrZ77Hu8PDSLycSdpXlDJSe6tlbWGcpymDB2KFe2ta+Hut6Ic6t7dNUP4k+pTnVmNlsSG9C3lsUhMl9prc/eT6JaLcwlNbLml1FT1uvcZV7T3LD8l0VSL5FspDYlqrscT26bd5WHvQ6FvWInKitJ1vJbX4F7G52ldVKw664RabFqqVlTp3NL1spTqV0sXsb0WL7VfJTwL3rr5nRmT2UlST10lXq3ssSLFNTIYfCMmTOjE8mdDEfnbWvOunV0Yl72VJvRa35LxnyiiK8LEiIh+NzlMHc7o5mZOxg5TlMOcKI4v2Pxt8fbUh63tYlcyMe7FF4hezG/Wr3OgvV5ZM7FHqgXn5Di2+Ddb3Kly0qbdJPZft7X1o/ENJN+CjLPb448I9sa/tsQrb4t2m/gxPweugSRdV/JSn8Dg/5LLiRyxfwWgiMULxV/BRKf8A3x6L3LSpp7Hyj/gqh+yvaG4vb3K+d1zr0VVpenMsT4p17lGpWLwsbolo+hB/jxauKdFLia0Qwn1Iv7viV8ar6sbrlRluj/xk4vEktWDErM4K1SlctD/JeL+C06LC0OH+1KESkvLHFKnbQqjRSTH6PoweuJlfOrOqn2Wmpaasii8o8I/8y+H03+YrF8yp3eiBeyKLy5VeD0cKstHyRxShc6n5ZFTCsiFa720X3q9RxLZuWuyrIfyZsV4vj4PL9FIUkLucpFxZ0V9Su7HhbPyiFSUSOL+1cQvb1JqI7GDlZdU6B9Q1Kmv8aMF4rSRQpQ/qJqvfe4a200PqP+74lfGqHpGinTWK9z3sVcNYmXsWiTlXRk52UcdEUTr0PyUR8VREMK/L1w/c3S0K7j42l4HF2wpxfkgXiGeHP/Ug414qdpUIoU6pWlQ4V5OFF4pZOY7HKYepU1Q/bbZ1OHHgr20R08lF+C6oe/J8dUH8jfkqRxFfFz8bF0jlOJTXrVD1WOhrKqK6aDnUr7qJ/uWseZRocPabPqR+IZQr0fkjf7ET2kvJHE/0oSKw6ofuNJ8JeUb9DI4vCLI+VikJ/UvTyUg5mziiw5xf5RSZ4EvLF72kvB/3Mii12qcz/k5n/JzHM/5MxfyczPlGVhjZlnMzL/kycxlF4UynC0cyWhPV8ij2crZalY4jiLPMuGLMqeZO125Wuz+p9S0H/wCnDCf1I89hwtXPinL6cP7yq8IoOCIp42on7FD4QvexYudi0u53MmTN/wASpn9i3C/2P0/wVpD+6LQQnyqWbR81UzR+yhSSOGEq7uX1IvqxxL6i5Eu44H21eiGEf/yeOHhTpTuUrVHh6nNRLKI12yR6MiTEQnxit4K/U+UXjsURx/W5uyKIqXl+LCsq0uR8KtuRMR+WJbmTLMvRhGEcpZGCyMIupfEtEV0fFi+NzsNt10uSovkiK9H48lyuxAXKkWvJ2OGNH+lw1Pm7eT+l9K7fMzlIomhS4b3XYSmtmnkbF6+wLdxtcXiUTP8AE7GYTCf7nI9Fa3P8kL439F24V/yURehTuxv0eTvxMReS2VD4UoovsC6eg4T+mpOyZywfyf8ASf7Muol+w37KPB3RaMrVNHF5lcoqKTI4v2Ko4ZetqJyh/n7LRdCnEZHGNyTTOaWJPiVTmcP7lvrFawsUlAhx5pJFfLlWF0iQ+I9bMT8Sp5+yvovUuGa0uIck3WgpUVajUWfI5QL1OwkLYp5kvX2ajPizEs73sq5vRVspDFacCkoFFQQ33pJQ+XpZ72IYfEoovsK6X5OhZ1K6HoqxUwUqUaOKTL29TT8X1YMF8etUUoV9iXW+ipfQ4uw/7qluFkMKxKKp8VWHuXdEcyZXT8cLQ34kl52eU5TlMGJdjsYMHKcp2MorxHMZO53MSxKzMyppoYKJFXCfJMz0L1Vi7FE7uXFW5dJ00cJVoqVh4hfCj/Jyr+TmhR842/RRaH7tKvjoa6kt1PTQqcJRtyttuJdi+isN9SuWYqstd/nTyw/wYVPwYQqpOg3R1Z3MmSilkvchSlFF56arMmZZMmTJnTU9dJ7KFVkvJVk21eVa6Gd/56Owvp8OzkyZnkyZMmZYMl3s51Wx0bim00PgVSsRb+RQuKqlC6Jwj4aHyU/jY86V5km2zmZzHMjKOxg5Gcj0L10eDDMMwzDO5lmf+DJlH6T9J+k/QfpKW0cUH8FHo8mJZ2aCWmsKufISUqFIsM8ot8WWvJ+Ss0fgptLzKkI+Kl9nlRyI5EciOQ5DkOQ5WYZhncyzLOZnMc5zo5oT9J+k5YTlhOVHKtT+orNb1ChXxsMU/hEfOH+C0RehaHifrQ2Ni2kvClFFv5MmdPY7GEYRyo5Ucpgwzudz9R31KGHkX/O1Yo7OdSuhaMlaXPkW1Ztobk3tROUPS4MdDwLGxYxOpSdJ3Pc7WOZl7nsoyhnY4KGCjdyz2G/Ckl52+x204OVnKy9SyPB5PDMmTmMmUdp41e3u02PRSHTVFIsmLStLm2KOz8mbHytq/Mvxt8qOVHKjlRyQnJCWSMl55UvkqnNEjnZ/1D/qI5oTscqOU5SjWmnjdq9PqXopDjXQ+Sqj42ZiqK8NtN7FsClxIRWD+D14KrRDDKKLzt9jKMoyjsdp3aLaLGN57dEe9VChww42qrJXJxfTt3OKt/DMJfiXEokUervKxdFnKKUK6rM8I5Tl/wCTBwwrofeqsuHu9z0cRXs7jcnDUtDDFCfL6fCyL6dn+RUp+2x8pQry/uNC5TJfTQcbKvdaIYvFtHcycVby+UdD/TcNRRRUuVcMJ/7PWivhfYKsr0yUvycPZbzIV/lqwZ0WZ2f7FGtFfPTViZaE4lsetiFi3mxjfgrvP2Qwf2yrs4nZTUPjcxPBgwYLwmGWWizof+5d5+tmBi6CPe4ivjH5Lyh0Yqdpcp3MnMZKyh63mZ2KKFLa/G+hnD53kv3Z6LZLmDBgxX9y0EJyo5TDO53O8vUoot39cP8AyVUS/c5a/gpFWF+5fI5TlLYLRVlcqjhOHTjZ/KHDvIqet1uJteDhX7z+RTeXDndrmIpLghv7FsUOIqZvuXE8ws41h7/Cu+7RZFXJTRw0qXucpTTzI5kcyK2c16vu8yONuxng+mUFtURYuYMaMlNNynYpu1Kvd+OfJa+lyey/dpJdj4qm7Q4vqRWXY4YVYq87NyiRfZr0ihWFuXueEepeiilVjoXdZPYhhPyyKLewY2qQ7OTM6F9S6b8F2WnWIopVKLdR+fs1dVSm3TxveDy5+ii37dQlsX6iu3ZFzgaV8Mz8vE82OGHYudzudzJzGeqW1gvbaUQtlbdSGCPka/g+MfEsp+zjhVF/5mlR0Fa+JU+z13arYaKdJRZL5pZTohKKp8UOJy9v7RTVa5fe9Pbo9mkFaeTFikNz+1opBDddzi8M/wAvudt2vgXRNUuykKLtDirdlndypD+H7IYe+WU+zY2L68S8bLg26a8GNHyZWFOo4mU+322qLGtR7ddjMr6W/u9i7lXVQ4fG2tuzGmJblkXf2fE+xZHjZ4ttbv42rfeeHp4t+tfunvoaldMRTob/AHL101f9iUKdDTQ0Jiph9FT/AGJg9yoV133cmTP262mxfbrPBgbqVb63BgwYlbEqnKYLdfnoLIsi7lWHPW5M6LMTj7HDSdi6PiXX2qqLlVdGdFexTt0VHteC1dNdfjqK0ljVVM4a0MnDFkqsFtHopQcLxpdCjlfoabFtVa6rFi5QtOyLrTWWNNDmlXvOkRlHYdNSiSozlOJWKPd9lHKxffoUedm2hQlO+usvjcu5YsxUU8IWxWWOpqtNGep2nZHt9pXWz7R73E6FVnXwopPicrytK/2PlMaaMqrrRYSifCizp7Z6RT0Oi77FRRdN8S4oRlBzoV6fBgwYMGDBZF2XLGCkUOusJfR2O06I+Rg4leXktKhTpLF5VmxyrQiOMtLGzexc+Lndl2dpYOU5TlOUxLByyvt3R8bl1qcb7nD/AGyp+k44ZKKu/V7FUfKebzvdltGaM8l8SzoyXcvjPJk5t6yPBcwYPWzg7mWdxUV2KuaWRxu7rUrBCUiKQ8pU9COKIrvW00Urbfsvqyc5zVnaWJYMSuzM8GDBgwYMdGl4Kt1EUWTvU+NKihiH9J0uZqKv4Ke+gvqcq9H6LTx0V3LBdbjqeBfJDOUSZVu/YToWb/BFB+5+d2uihmWC+zTcpt5MmdODBgx0NF5KVrL/ANFaCeUOvY9yUS7H044dij2b7tVuV4qMzWVruWJYMGTPWOKXx/8A4VpU/UUZWjoZsYKbOalIlPOuxSnT2RnpsF3LBbZ4V++nmZV3OFuw4KS9+Sj2rT4lEe5UWSsUR8W6HDHnpLs+JV7mDEsmTJmeDBgxqrsRPXWVNxe5WMDbZYrQwYKtUXRXZ8S71WR8pZMl2YMdVFLlqVpSXgzprtpzspUixOy3Pem7PiX0YldmPsr4nQzUs53RYuypXZpCUilxMYxdB6c7Hyc8GDH2Gul6P0/mhRfN/wAId6/3RFpYvK+qxcqtdi/+wPWmlbeDJ2PGxc71KTz/ALFo+j8orQrKpkyZ/wBhW3rzvL1KmjJzHk5fuuTJgvo4VqxtOqPRctOx8p0eqn23M7FkZL6vfQ8Om/b7fkzLE8mTO1gwXKvoaxdDVddmVpZ3cGDBcuYO0rdPRL7LmVjJnawYnmeDsZRktK70UfU263MrIyZ2sF9OZYMSyZfW4OUq+myZMmZYlkyZM7WJXMSzKylnoMSyVXSU0X1ZMyzLBjRkz0GJXnmVkZM7+DEruVl1WDE8mTPT4MSzLBkyWlndxLJmWDHV3lbpsGDBjTieZYlndwXlgx0WS29fB8dvBgxLOnBgwYnkyZliWTJndxK8sdFmVlLLMGC66DE8zwY0ZM6MGJ5MmejwXljoMmZWRYydzErsuY6HEsmZ4MSyZMmeqxK8sb2TJYsjJlncxK88dPnr8TvLG/mVkZO5iV3LBj7lgwYlkzPHRZlZGZYLlzHR5lZF10uDBieTM8GDBjp8lixmWC8sdFmVkZM7/wD/xAAqEAEAAgICAgICAgEFAQEAAAABABEhMRBBUWEgcYGRMKGxQNHh8PHBUP/aAAgBAAABPyE5/Mqzi94uBVhnr+QJXwrnH647jX3uJQN74NX8/wCmUoemLwlASlqh3MeT8H5ODmjM3xULINho+eO4Nw8HwP1k+/418CF5mGHcY8HxsuvgOa+DxjPuJg+Y3dvBr381/G/wX9Qcg0l454lEMcZ+iCbpNEPzBHSPGMKnL54144rgub1KKAx8tRtwSgPHB8ya5EIw3NLCHx3wFeWUd8OT5vGMO5ZQ1F4Cvq/0I6rpDWM8stn5eafE9DB9KULGvzO0fmWQfaYNccHDaxnA1CHc78yyiX8FY/8Arwfwam+SZpCH8RD5vCpzadSCqXfFS9fmLf3MEaL/AImr/LiCaI/T8AZADuPjVd1uHCW9ktdiloQdVYBcZ+EI/oCMSVKoiVBH3xduUu0dBiLUconVammcMyeSA/cfeB4lJuLKCKdxwLl/AOL9n3Dng+B8PfwILsaOBwfA/jqPGo5amxDQeA+djIrWJqkdiypfcQAsPbM6B+qd8/Vi7Ke8Qwa32IjV1WIAWp5lOWo8LX3C31WzJQB7Zmck0HuZSJiDMK4ZlQU1F7wwqWqMJLW5YupfOKy8Wu5/UtghqrisOGJe5TNp/mV/FfwFxBKU6bh/IfN408WwFsGe4LHzB4/hTtr5qL/wYdLfSf8A2rCaOIDNBhVri4I5ImLto7ZY/uGbJbMFcF4U6n1gdkt7iemXfD4NsFcD2hTymt4iSWm3M+tQcxVAWFxWLEJUMaPW/wCP7ReWDZcJs9j/AKQ8LE4vialh+eETEIhVY/O+Ll8XFlx0P52P9D6gx5dF5hkFmp5YluSCDdfxdcxBxXFsEIowYFagM5RE3wNQA6jsx4IyqohrMJpZm+kP4uu/c3AxD4YdqvxC5llxdK/0jwTLrh5PUbv+Ay5fNy52QUBNqOA9SzQUXRHeHGxoXuBRiBrNo7+YS+4MoXmkPjibkud5UD1f1NRn/YiHS7irDal7xU7fP8YeIl3DWH81M6NwRDOdswDTX8R/Ax4S96HlHGKxZosbS66r+K+F4WfUEMKMRZiAvEbcw7m/FS29xPUR6iJ1yZZQO5UmCgh8Gdae+W7IPeJ3qZ4UKN7zH+UYY1DEHp/ERpGYMDTBf0hgKvNcFJTjxCifj4nwr4HDwx4Y5cHo4oLT+I8rLh2tsL1MusU2MsBipVDO02gthoOUHqZKkMCzfiXIHu4Ahfpj4NI4c7Rl+CJXPxA0wfdzyRZ6VMd2+obwmWIcHyHLuK5uIrW4rwwRGpqmoJTB8w9cnASpX8atfBCqLox/C/BjpMVthPcx0JFj/ZHa044m3E2IfB5+4XrMcKPZCbivDH0XcKaJ6CKd5f2gXuUEP8YNUJO6JNIYfLaCYD/MMNZljbN9iczMTCr1xsgSs8Vfwfix4V8B04GX6+bLl83wUN6ncs+gx1JZHWNC8QMTaOs0g5MQ7irjRFu2AFCinvi+dcLcW01fDZm2io/x6RE8o+5/wsdtT7miHikI1DXsjO+dQzIjTDvppwJUCaJUr5GPDv4aqTOuzPqT7ETqoHdMGGga5uLFiiqPmH8Sb1HXLtJh1M46zSHll83Ll/wnHqjn5ld8MdS/npg/MDgNpjpuLQlWse5b1HghAvVQiDM8QvhMRMSvE95XDyzFR3MjrhCt4uUzyR+Gep2KQeBtCbjwVA8vAZfMKm4Bsx4R7m/gExY4b3Ppn1x3TKxDbNTIxPYS3kjJPqUnXJj7vwFUG4lNfxX8BNJxfnmry73LjnjfBkqkFmO5vKKp6mRPECEx3O4keWYr6n96EwxwEJG7ik9hBU0uUMSVDiob8pWWlO0luk07FgfmdJV7reFZ9RvKZGOZqYQ/F251IK+RUsWuMDgCyJscbR+FPiDa/VBO09if9TPU/cP/AER7yKeJi1bNDwFGPMPbMHtAXuElwNTvj6mH3LJZyQoyzyIiO4DSaqbalEcRTPDw6+qf3IMOpMQ/qVFEWlTbMt8xzctYbl6s6m5UZ3GOTIykzkiUGUPhj+Kas3X1NcWYJR+L/bP7H+BV9ob4hhHkIpMMBpeAI2PEDofqU8EB8tZnuRl7DrqEtLvHFwp1FgtO5cUrzuM1C+syuh4mUEunUFgngQlRN8HrhBlg2ye5iHCWNw9AXxlvywC5tkqmuH4ElVNrEJrXGkOHbmMMD2PI+0tKVibQ2ee6Jkg3z0Q0EycFViNmGyYknBXAr64fwXX8QUkdjPqKE+oI/wDJVgkcYhxcOKauFy1A2y+mUqaY3OoOTuJdSYG47JfA5QirEZoxG40J4mIsy31K4o6gtqCS4kxF6lVfie+UJrh4xmq64GRVX4irsZr7sOKi3EzK4THzN6YK1PrKeZhlt3KumBcTBi5SbI/0JufBMh9xuj9sLmvbtgrQytxPBGClJgovX8NPntzE8BPvbgg0y/cwZlpm4Y5OTbECJ6mBYoAEznBNCARTNRDNyi36m3q5nmj0cLLGXIt8XfFtYnjJ4VSmkXNrAwi6zcYy5v4mUrKWN7JsjMC/PA4F2eY75WQjge2HjQDozHkPMrR4nbAiE6ZWhstmP4kCh1uUKQeoq2sVgaYjMBqBmsP8V6eFRPtLl/ilc2N9pYIOgTJH4mC6yfGrj4/tYRnWYLFnmDU0ErpqETiOV9TaG61GTygYI+UCtQRLlgZTSUTO4ZlQioLPtG+FQ4ZXCRlMHZFnMYbeAQ5Ai5Zw7UwPVBR41t3M7fxDNseHL6FPyZZ/gpXIJFW5eldQc1yfFwW9RqeSY09ans2XKyRDBluJ9YCw6jubWzFEvUeyYxftDRUxHWImYLuwyRNWZ0uUWy+54p3UeybhuXHl4SwZ4t4gUxA8wK4EbYmk2zB0ltC4QYyvHFcpDpEl6/MFk8sd06uvhv8ADp8szLw1C0X5lKlTKik8SHSHuYjCte5+KY+gVgZ+uZdkbRm67EWnVsQqZTsETofC2+cT1IyzPvUoAdcKzTFMFNMu/Xm2PzBzqEM7lftBpPMK19TfMFkyPE8OCjPD/wCJWZYDRGDT9yys749k6IEqVAlJTxEsTu4LLjMH4MqC6TF1GegSp3UO18vw1ecFBfqzNyD8uCFJUICzWQeYF/8AiRDkfmHwE7ZRnbUCloaIIKtMs9J+Y9K/c7D+0YotRu9xGvyT0/yR8aqK4q/mNO/7nvy3c8Gf7mFEuY/yz8Ar+ZTvWXONAzGVSSi/mPqDinCH+cpfH3KO8x7gYEJjPmDtF3IUPDNS8y9y48ZrMxGptKxCBEK3KeJRFL1PFpg6S04BwalFxlSql/A5uO4KHzwZdi9DfwqFMs88OcPBr+5lQ7xKgOuDKkytXmG0Fe5gt3Lqm5Y3V3+I7S9sx8B7uMCHpPvHzcFAh9JKfqdi4mKI3Y3Gy9FT8/r/AASnzmub4dgmxw86hvUbdNWSprCd4hOmYvcpLvqXOty59ZS5V4TATOe0tqo1SsCZCKzUcmCFekCkRplLzcEpm4jNM2BwB0iS+TL7lXOi2EZ0DKVxfAm/uNtMCoKZkvGfqEyfxwuLGJTArln4QPtYxxU8obShh8GJW+b4t8z2T2cT1RWSpn3EZQ0K/ieYKv4d8CG2QhrJHBW/EzlgIniEqZixmXriJgy4wWUE9xgtuXbMZMfhz5xJDsgVC3WJ2VEKx/8AQS57gVkmmPwl93HkTDErjQQfhuIq7jwuj41Ei3AgD8xo+GvCWDbTZGQ9kR7Ch2l+I7x+7Hoi8CYoX33L4GV7o/Af88YrG4etwjuPuDRb8RWgVUsls4rl9UfbAHB+FwkG/bP11AQ9C/xEE7yfBYbzDg6c3gQl4nsEJqZrjBK4uXLl8NJeJ9EjND54o+txCBBAh6cFcq4YajAeJ+QhmiHmXCyEzlWu9fB3bs8TQfsTwkR2uCAPSa1HD/eMqOEe073C5qXGEL/zFEqC9GY8dw/bP2f+JTvzCJ+51mK1mJv7H+ZvLKggLWZqdwPSPEeGtXpn+UnsqD/ln1h8KfELYLlHZwEqNQ9sR5mhclxAY16gOgSfc+mXfxPgIGAAFe56ghgrgCCejgLQ4a5BBLwTGToMv6joijohzH8iHLpj6EQdiPrToJ28Zcu4ZY1EMq4dGPOEU5f6xg0B/LGxHcJLfIKTyx4Gv1BG1TXfFmSFqtVwt7VxDVFRmw2RuI3i/EF3SRHXXH9qfryDzNvzf8Epfmhx1Bh7Mz1CPfEuq4OcajIDM2VzCLm8k61xXwKjUqL5jFiXUnXHEQ8AQQIEr4FOIVDPSWZPzA3GSJbbErpGtPGJceHXxN4no8y9AIaB9juZIM+W4Qqy8KXkpGtzzrUq2wq3/FHnBmMmI52PF/WdzLdNRp4n+4a4x4leCvSytHUMZn1rLb3nilrysCJ3Ie2PxGJ6APgLyS/UTgFgVRftHoSZqJ5Ms7sPULAhB4GoPF/DPFo8IzdHHXiIYECCCEqVKjUHHaDzB4jSG78kL0DFFM8oZ5NIa4AWg+2B/wBLUs7bPMqFqgHlL7hjgH+ZYF+qF8h/LMoBeRnkI35jXDwDMdjhGaB+4+IU6JUISZlwabJ3N1weAG3EYndEY3gsH5gMum/SIV9nyFJnqD7FfmbK/wCeGstT3PseDgYcrl/FqYtGPc3x64DhUP4gYcMGJbxM3EtH8S1czI984HNjPA5GoQBNEw6ek/JP706gqVqEB/eG1A0vceL+QpaXLOKqEeB8X9257SgfW2XPih8f6kIQIECEPgfEfh7wl2ogctTfUXwR8g4Y8BEhZnuEzGYGCaYiuqKZX/ISmwD2zfFQxfqIFU9RQCGnXNzSI+mD0P5n3KljL7GLf818eVfmaNJRLHXV/ZCDzlYfH+lCEOCHyuX8blxYYMdzbnHByHNRInAcR8zLiaXOowOYrj1IA45b7f5D9Q2YDGMmHUwNqNdsAUajA8Z/eYGJWYFaR7IjonvJaOEwKZiVwikVG4wDa1Lfxy88Ha1Vz77QlmwOaGP1V6imrPzHrZHpEDq35nbJsi/HI84BNr1KA8SuHj+lCHBwfz7Yx3AyeIHuefBu/gHFy/cWBEREcwwsckjPMrd+yZ3zGJiHuCoaM13BtX2wxL4B8iV5MhJ2PMp1GJCsFt0J1B9xHJfkiuOu08zCpvuHJ4ngmYFg2/GZ7vXMPe0T66S312KB8L4PlsV+Ivun1EiJXXPrOXweP6nxP9Bt4JmXM9MfuLeOOCLheJtFj0MfIzyIlxBKUGIZp6cAfV9QXhHMMpQsFyQ9OMMPuE2DrLMn7gLIWrVStgezMstwBjfoi1gpSEAbeVQrXfH9Amdd5+XHGPix+yPuwf3/AOJ/ieCEPl70QWGLPtl067lcG3GX54+R/McH4GKoEqzvIaGOPjuM6hBOo+DhEQHFNyp0ICTI1rU2Vwyl3Nlio3DsChdxikA9z7mzG3qAs8E+x9QNip4NwNAsdjtp8pV461TCqYPqXi4rV8zOdkfqBaHljv8AVFwtKA+o9sllz9ycnBDklvgpqMbfwT6hj5X8TBofnkUPe/fEjokF/uTf9g5Y+LiGH98/9Sf+8gfb9xbVPqD7vshf67EPNT+ZUgodXiXZZnm/iqsfU6wit0NvgiYBIMSmALOSuGELJZvUPuMUfvgHcs0lvAE6iccLT7sRe8RoRlenxMob8ksdV4e5fUcCUNPmDGHbYIYXuX1eExwBNw/bMov9n1gpjAxjQep1xXDxLdhaqGaEqqrj8WV+ZiHxmfli9wFUAhAYdMpH1cnB8fbGEx8KJdO8vkHHXmW4Vr6hswX3D0T1NcNoah+I3MFP3A23YJkKBcvo79Ew9rngW8KYjRARv0R0EX0itKnmKArYO5KRgb6ArsJesL8RCdjhPkwzFnqYQmUu/CDUwtLU2Mc/KMZfFYjdZ5YhUVdb8S6pxOIk3jXN+kuAUbiTFdWg1Z4mYEfQzZDGRBxqyvcMbzAKVkmH4WBB9InvgamLLnhgqBTeI49kzWrq5or2YlY70Uive8UTGJ26T7lGVvr/AOsutl/xDa1IYYtz2sur0SDjf4krnRYrzMNoKt54OSEOPXJKg+ZZ4UZ0Vwfwimmp73JF2Xn6mW6LimGn8S3/AB8FVKf0ZoIfbcVWhlmBrbfbOxRlHNv0xt4pXxqZMlPc29XhySzZS8OjBdpHr/AwOwD3H+hBHpIrcceIuZTBi4+m47Vg5NLUhtxkaUgbm4OXSWnESjLcpaoC/jEeSlR+DOp6gtDqabGkYm1L7TMpgnkcQZV9lSUVadrGb3SF9QXfnMVj5ZSqibKgdgkRWNQu6MsOF8SEOPu2Y+gnoOXJ/rCC4xQVMcL0IoXBdzfCDsgPSUtBE+JT8DWPEAJdwaDEYOVQ0MtA01B9lT2z/wBKA/wI2365TilPL/gCHTfgYghUwm0aX7VHXHtmFzdlQjJkn4uGwDQvEZXb+6CMQslUR41M09w5IQ5smDH3Zi/B/wDgaqPCY4aIu5kg5BKuC/GE5FFdSYxM87nuEeybcxdTCcntqiH/ADGJ7/AMD/s59pplCbotR2j80D/cI1FBmoUD8q3GjNMDIKOMS+mp6IxdTBvLCa6CGwF11F73XRLX6l8xlFr4YcEIQ5+zKnU8EqXn/wDALGLBzJG6eVnGpLSdLGMIRjyuPE7PEDSXNNBm91uNd9xdonIs6nkn3AN0y5p+fBHqmIdf52K9n5pjlF8VVwISdv8AmVYuoFrF7lQtvJiWO5iP5mWG5mUOvUzLUDJAorEf3sOCEOfWJeKEh2qCgGjH/wCA9Jgg4ZqFtlSMIhhORlEu4HAnIuDqFNocDUyaXGOq+iO4skNp44o2JgevHGyr6jK8stgRtNqmCPEVI7iAFesBq9m1xWfc6vBPSomoZnvUToYiweuSEOfump2ZdOsv/wABlVY8HMSkMFN4A3A+WoeeI6KiHOnKsUcU0HDIIRau1m5pcHCMpj3uXuzAJfr3PHmBGkzCtkmBifcyqZi2vMo0clwWY4XgnrVQuJGA3f1Mw48ou3PaED4XeIuEVeY1/wDgMuUsPE+RReLYMDwgxBFS4oouCii8Be4nDXglhd8mppeo8UzzEWLozOphMmFvZNsq9eiWSv0Sq6zefEzhfpZlt2zdfUN+8gKNdQHPA6u5Vo5lH/4lu7SnXQ6EQ6hK5sfuozzQl8H+uYqRlqTBwYuAru5jQIhAOngZV8zC+AquLAfGI7h28WtpFNdUUE2aKMS0A7lCPxHz9SqJUIcu33KvledsQ+Ywccq5KJZrswmKPu3DGPAlSkp8RAVuEsq4nUTCZjLEvTBg8XD0udj3PdKoUYNfwe9Pag2v7T/vZ637mO2oNcJmLTLVP3E59yHkTyA/M6UorZj9Srb/AFFd57IoLyhTtEen98DwElrLA6MYzUSz+OQrtMVR1puPy1GdlJoMfEC4H3LTSUwviuLFHnO2p1cV3mK3C3ZPXH+9w+HUd+uWnNbBA/2dEUrLNeAZxM5+QZlLiqnSUdi4tdr8FsBlB5qADevMYUUM26qY4+zCXf8A2gbdDszHXH8CGu0TFLX3NAjBlG7fBReG4Qh8rJZU7y+5cX+5gI6+oyQr6Tri1Hkml7i/aRb2ixFi0QZvh4jLmGmfeQwEqXKRmasQHIQQCBx7dy5se5YmPE8Iwy9omqd8KMeKkh7mQwK1U+3DE1W0a3UR0VwtsVzRuKGkp+NgKR1Ppbl8+5WD6zrSXgbeuBRAqWLA/URXk8wFr1oW6jwQrKhRH6bZqW9x/wBhOoJbfZC/ERwiaiQYsUZZ1KPMVwcnwuXLfMuiBcsO0snXHQrHPgzjD2KCbiYLFIE3PSl3WetE+k0wuKosuXNbuJT2gUQLBSkvhwDzKhekcyjgsvk0VmUEsT1HKj0lbn3CUKjU6m9TIKadz4lauoPGBgbqmImGXMbGIQU2kTgfg6TszLrX8VvlnsZ7Ge+fRLeCK1xKqVjzHN22cEPl6M9WbAGZLg7JHxI9YgdievAQHQx0EMTLCjzKJ+U+jPyn5T7QXmEw7wZ5BnQGI0FQqybgS7Pj4gDcd0ri4m0v4CIo8CyBfUIoUE7zKlZe4kGTKkEn5YHiIbUPcro/uG2DbHi8EOkltk2R3Ke+CZBC81FmWoFU7520TMW3uXB4FLn/AJE/71PB+ieGf2vzPXfzE4J7/TFKkR983LoXwfMcF4h44ed/cu3/AJnpnrJ6Z6Z6YeTLStx+x/swp/xn/iT3Yt4/qW/4Z9v0mPH6z6Tjx+kv1+s1p+JM1vGMY7O4udD4nYTzILKk1TL1O/SGlsluoffkru4OFrBd8Tqd4lGaIt3mYoOKJlllfMP9zaVeoBaQcIqvEJvu/E9BPyTPj6JlhXyTAIn3L8ObX4iIts64ofu5ZTwgo8sQxg65ODklGEs79cLqMF5llyaVD+D/AMGX/wCCf9Bwq+M9OeefZn/rfOpI/Hu/qet+p/2kpahXy59OE/7Gf97AIz8QlQcBgYimzO9MqofmHQnuYUMZ44WxF6Uj2ZPMIdhKZjOpDB+0Cy1Fv0hqYxcWzSiGa5fFQUXjENh7lWEm1lzo8QWFHzGgL8MpbPubavQjvhl3gE+yp9CzDk4ODi+E6lXmNfxDlpT5mfM+zL8k9rgeye2fX+p9X6no/SX8fpLf8E/7yV4Qv/2l+X9y/wDkS/D95cb8odQae53cRggOrRLmjdAmBBBDDiDKYgA3LO5c0QKJQTsblFqVyo1Cm6hdQZCzeGDzMdH5YzJjwDzI4mp3KdVx7eMwLDcc7lmy4H4iMK+By8z/AMXD4kOftDijdpb/ABXPzMeZjzMcY8zHwG0mJbRMSpUqVKlSpUqYDBKngE1HF8dw9CDgYORswI0qY4Knb4FlLNQW5lXDaTXqpmbz5n2CItS+hLd79z3DFdIt3/dG6VfcwLB/qUF/PmXl5QVqqW/ECCAPeHNsH5TutDwS1s1o/T8SHHtMePa6oHUP4Vev1nmP0iHqV5DyP3CVR8P3ANPyj3B+o6ifQisY9XDDCr0aj1OV/wDM/wC1TxGPTD/sZ6D9z0/3P+5mem/cyZ4DAmNPAR9sGucYHFRtAlWSAZFuzUAFEqBRM1fOIVVzAzFrLjxB6CRX/kjbnkqNRgSmVwqEO3VOH3I4Tj2Et7P2wJuHF3NamV8syqWeSbS9RZ5F8tkZg28moIgjZwQhL486hKN8bh/FWVOYAJ/sQ/8ABPA/xFv9pMgl+4EVzQHuEpItVfY7h1QH/mlvL9Q6PyT3k9T/ADwHoz0YHIVzR4rusVwwQwchK4HDGLDMRdz1KhFjG2dEF/SIh/vM/wAueeSRtxZpkWmUqhZpkUm/YIMSleInSfuEErhlaKnmMTMSg+74xOCbCG6uqSddFK32UMviHL6QXxR5iuD4nwt5/aH/ALp/1st/yT2ftHzftPq/c9J+400J01vli1mWaGLg68Tu/wAMQ259GfRlT7cPtKfMyG5e7gEE6mUjzAQIEqBxWR+wwDr2g4Jn9I/3NULEJ22G3zAg+AM859Q+/CizCMFqOxltlo2CHgv2ID1QxWnDEA5KSM+4xP8A2ama2xVCDuFNMW778zW1PTP+JnmDwzKXPw0cebKv+O0tLS0tLQXiX8RUpMQjLl4mynCBds96e/8AqW7p+yWT9T8MvzR9/wC4li+W5RKIYRmD+5m8DwBK4IoSs3DWUVCASHGi2ZK+Y7tzG+fEwp8zDfGIcCQwzIx1AslnXb+piAN7mDA40wAFujgBh5M7iu8auOU9FQnijJS5QQ+ThVuILvEPsgqq4uMgrAwy7bfnaHypK+ZXzwv4lV1MeIB4noJVaPhUJkjP7pXyyvmL8z6OFvvYrn4YOG9Nb5gQOHKI10lRWU9M6llvgJRXzM096mAdTcbwwa+5amx4BwEVAfDMGY7/ABMSn2ZQrZXAWhHryTRI63DvX7zGyVuzEzM99Wp+bAs+4iNRZS+TErBQ+pxUVXnh8Ll/yTMcDjEsh9SoxfME0fwkbSK0lXAIHCmpmQhhgQOCqVYJfbCEOFz1QzNjdGY2DalAf+X41FR+JJKu9Myhzv1Pv3ALolJ0yrtlvBP/AAT/AKMrDpmDVVwdS14hvT7oRS/d8dDiy8/8lfDK+JTxArJPt4fEQ7Ce+F0XC2h67gcD9s9H2TtPlQKtBGwaSrkhAjFiB9r4ROesTNw4HC5t+KPDiB8aZfl8CAjyqKZuMSYNMofJuYti1RKwcCuLHwibJ40fBgOriGxJV2w7qZ7R6mepllrIyzluVmieilfCt5+JzfpL9EL8H6lnSfhL/wDSAvB/MP8AZGL1T8xtgSHlAEqskO4vDHoR+o9DHaP0lO40yhEaMTVzQcqZk+jS7mzgQYhosOBBhLxP72YKMRDBwOFijj4B3NY7uVPDST0z9kW3O+Lg2lyzZMI1R8wmurR8RNsIvQPqI6f5J6EPKTq7NPubyqOht/lB4gfED4nr4r8oTt9wJUNRU3xplMvyYa0POr7JZxDaSnnRA4WOYZovaaXjgcXwBZFwJcGbJqXj6hJ2UEHAOFHFwPBAoijzL9fs8EwQwMBEwLGohQR9wIELf+UW/wDKA7ai3Yodn7IPa/Dwvh/pP+4n/QTpr+ppsCHaHfZoh8mHxfgu9MWhjwKY7n5kIA9DUDhAU0udRKneH4IMGx2VPOnfEKKJ6nYblyN+5bEm5WoxNARzcK+4YHK4E6gKuoI155hwY8LI5CKDB4PgkH+UzPTBKIYIRcXzNmYuCIzQIlgvy8wzbqN6A1lPOjr+G3zLfMt49S6FWxBjO/kw+IFj2TQFTDdh7h1YLz/sgonOODyQJrUJaiQw0Gm6i4tTE/qqWq3hSEZ9k1DZD4Mcrj5Rlmdf8KUHyMoHicHkJS2cKiijjTFPAZlMHxCi5AAPcYE02oKgCtUdS1Q5gzOiOld/iAXk9wBST6lhaX8z7y/mX8xjZCzXHr3CPDz6HA/gPgdYSko6e4sAB57jqSzZuofBglPPCyXK/L5jeH5Yy5rAEBaEQmIAwRxRS5Uu1yytHgP4iOcwCkp4YGn4JZds4FFwwS2Bq4FFFgL7qB7J5gwjFHzAd8K415ZhjfZTqyeYbnE2To7neIoalMu4BbXBArGPPxaljHAPCIbu9BBTL7S9TtD5EYfBMuK6lDYcRD+F0Cd4QcWRBOoVLO2Y9z7JvUXJEvDJDBK5UYBeYwwo+2KxzjqJQ4Z90Zn1DNEfA4PF28g47TK3k5YwK4Y4uLJnU0eWb3fwTFX4I2KMcKvp8ogSNL76lJ2wABFsKLiFG2g6I1D8idL+5X8GWFD8w+gYOD4nz24w8ASngz5lvMPeBOoCUlErg9/3S1blhoBAjIAYmqbYv2TNvHz4xwrcd+0YvP0DmXTiXJ4sMz3LWHmL3DDyYo4o4+MxlEBHwvzGSoz0HifUQW26Jthn/E9w88J4p40u1slcVKlQ4duAo7q2V75X/MA6lSv4Lh7cfDmJFuFDcKpbAaDlYpXN1xm7+GHbJtfUcUcIkEsloxWl42j0jBDwOGKKKONV3VxKlzIVTywP8hGZZifUP9y7xnESiJe5bE0yuKlSojao7hG1lOeGppXJvk/huU4L8S2Z8yl2yvbA8MwlviZdLcOOBwYmMoaiHbg8EyU+TEWE1K5bFTV6uPiUXBg47sxs4bbYeY4WOOKZAgBaDpYWgphOYfZGG2vpdcBMxUtwg+25/wARDISHgmpwMWaj5Q9j8Sus15R7P0ntT3P1LfL8Qv6/Up5iXX+YbnfHXzeGJMEFrgIy4ambshb7hx9eYsl5mSEC0nSnd2G+gW24GV8xPmVlEolHFAy7RcDhGHiujOB3KgQfCYscccuKwAng57fmKtDqFIGEx2LrxAdmAeiZNsZx3ACG2lQVjLFgaNwwXLIs2GOIzNcr4mF5WGVKgtNQqpl3r+Ji7YIa5HBzs4GDwl0PhS+xM5I27hUcBRL+plGUO4qV7lSiV8SKheyKKOLgc1bNBgh5PBxcDK66dQmaqgv0eWYhrWrgG2aPvxcBiPrzFwBcfqGCVP1BV4eBwnUcEZUFxOK5NUHiafDI2RMIZs+bxlmaBL5Mwisq9y4SF3tSyHAZGXQzKsxAIkB5ia3KeZapYWNwpM9kYV7Q9wqUSiJwEo4oRg+BmbmsUXMU1jR5dEReQ2zL9ROMPZ/zLchfUCpFec7mYJMiYJ5c0xJVvTMl3Dc+5/jNngZ5JEhz8Dcyb+VIrAd5l/F4OU8HA4JiGVqXfJ54UR6mYdy2bkIWVxiNDv8AgMahxhO8pbIo4oPIc2xk3KN+AouJqg8kNMX2zyx9RQNJXLmMrMouEzfUCpckBhIHQ84sLLj4HhJXE44plfwxPENhycMIr54/Qz6SvGDw4q8eEfbCdIOmGdbDrC5EEG4TsxLcNSj3HaUR3U9lIVu2ALGLDUsirDwgiTIvNnwCUHhg5L0Z5qKOXeNSmjpDyI+GOzUOz+4s2D9EvWXTxDl1uW+o4E+DKlMSCd8rkIfwabJ54GnBwyviHilPEJIOVUqVzUSbslrOzwy3jD4hxZLpZCZm1O9UsVoihsIqp5dhHcqXA63LQeJxQZfDE4sHwivhfMpOLJ2imUNQx3CQua4CG+Sogy9Q5PMXsGOsQE2lcVK+Ap4jmeGH8SRzf7h7MuX8yLL+FQPgwNooxkn008yB5heYmOqWXoyXZczFvgOITLuJstw4ooRcvh46R/ojj4zK49oSCwAGVTUrAq8xoyEMX6iqNvGeMTETMqEHwEKyzL/6cQek7h/HUETqYNy/ifDEsly+R4LIPA7MRdRg9lT0YmYI8xH10wlSs8rCYNPFGfplxxKDBly5fDXjKKK2oHCW11BVQMSpjHZKOH5mh0YzgwRe5SptgQ4A4Zf/AKgDLl9x/XDjZ3zcuYl85+FTJqIQBZGBly5fOxZ0S4vgp8y/mD8vCtw9p9mfaVnoJRoJXxK4eHg4F5hEspiVX4iigwYMuXHHiLGLhHKYn50CDKGoLh5EytMWxYhBBAgTUy3+o/BfKNaPieUg6SpnjH8DE8RXUE+LMYb5USocXD4HwXmua+A7IS0s0lpwIcXLihtCXRzqpXNqpKtDTKIceYrpM3tdTxgggQn1D4tJmYgwTec8L6xOj9pZ/JTgR+DBDm5cYQ1DjqEuX8x5I747IQZTaO+B8VZuOWNQV8sI6n6JU+oAxFZLngcSzXUuVwEJuH4R5fCKdwvgJIJYp1wv5XL53wPiHAjDlg+J8Tlh8HfJziYFolziUOWLKoW5eMvi4TJHhiOI4p34mfY3BaT0ywqwjshqBCXxcz6QA1GGCDgIkMzW+NSvkQiwY6hBD57fK5fIw5EOCd8Zjwdnsl/CcC8FcXtDhbCvl4cZIowZjE2VJDSZgHcIi1dEAbmWepcvhagd8r+CYIkMExN5n1chb5mfMz5n5Yntle2N+2VyJUCHOfkYX834hDncqZ4bRLqHbBlGzgB5gncXAQWSgSVwlwYHDK4tdOP1ixF8ZhVLzU8yfErc3bRCnF8Fl8rH4AVWQLv4rWqwHrL+sIN6kKCsYjhGHUfmXqFmxMpmTCpUfgLg/Inxj4E75rg8Qx9SfZDutgT576eHipUoyajtLHqSA0E0GiNuoSpThgMS4P3ANclxYsXmr4eR3MK6f4sMtIugzBHxLl60wVLqxCBGMBwETm0R/FBcDO9V6m5IHzIxlfB04r5n4lwifCuKm/hXC8Fe55oeYHoTuL3BvcIS1fbcdJxJJv4y0+IBcWLHgwRDtPPL8qZGV1tS/wDvQBncLSyTcoZXC3KGVRiEqI6gzVzPVaaDJEZXwEZUZpAg4blfFJTEgnR6npZcXf8AXNpSxElCn1HbCPMRFqxnaRgQ0S4BZSYJZbFUS2sGotf1LWM7hKFDUFMYwxTwntheHD9vgS4wwseGdwynP8CzMCm4MyiLpTx3HdoeoVSUwJB4IxNC2OtDcHNwJoAl7lNVmBMM2ozfhDKrESU3N4q7PqCNEOyI4s1ysSrDuUsiIjNjFPRNYwg1JNbDBVwQGJDWZiWbi3FbsepgAJfuHqrS6hUvRC7kzH4alCzcNTuMpvLMmx0ZVWVbyQDlpFFD8we4f3n3mXxK5ceUgbfuZ/nhiUeo94L2IzSFyXEK41C20g9S+NzTEqZDaJYLshvZM69eoy3cFOUEkxi5lKyiP9UVACYKp5lRDuBQd8BUBlAOpjYVlFGMa9dxYwzJBeeHX8LD3LObTOU5TY6OKlVZmmejEeIgpjGciCqvHG28hupXA+C1/uI2m8Dvi5fJwKzFhljnT5EIYlmGSHga4sYKR2Nw+InshxjM3W7mUvKjcrruN8B0RfYTSo80ZjZKY1ZmHfAjK4qJ8qiLwHNMtwIpKqVAlSiVaUr4dQuINpaLE3e3PwdBZwgmO55plv7IDylyDtYYPR2X7hEUgYbWX/bCxR5eqmX3LeJfhoQ8FghVGmAQSZmf4ASDKzpf3DZNxePgj6yPdBM24VUd+awq7cqg6jW6RMRibbNS5glhmOIZepJaI3CEfqZlMp4V75OYmfjqFwHxPcnuT3IJpfqVt4+fLWXN2TqhMi7+4ion4mbBlZEquKlSokyML4itBGCO4veYnuoeXgnyELqAp5ZYhjRKsKmEI3iL6qGcxfl+OB39iWJdfEcHwSHVlaxGjMMpRKjCUVtS6lqtRg1qG4PEFZMl2xPcx6TXbHACzuAXGoSprslAGY9A2QK3kkripUC4BmcwSrKZ+IDimXZUIMT/AHhGNRoP1Atf0jyEqtQ9AnfRFtmCUMp3tHqOyXk2j9GV8KlQCrvczSp4jVIPNy4wQLOJ9TDNCvzG7zEbZXUN2juoJUGYOMu5W/vsmr5iw+eXk+JMxEsyzzNQDNkZQcAO5QTZajVKw6sJa04IQd4+jCqqJiggBTR6ltx6lsO4w7mZCRWbhUMo6GL1+012YjqHYkXuRbYAXi4go17mxVZaYWeVfcG6fUVwqKe2XfBzUSVwp8SvEVxfIzLME8oNgzTEsWcq4qVEmMQZ4j9TyODHcwSZirmdMPsMrdZZco+tk9xdAnkjuuTi5qJc3uIeBQHEuRYeJafb4kIchTDTAabiojEjRuLPuDEsUnmNSu3MaujFybGUJPMRqmmeHOITXUw3qO78XMBF2NCfdTBxLERpLHVxL1H6RE6cO4omwLijCVKULZSvE3bhSW6UG04rdEWJ50B5h4+XwesDozxU9GNt1gDAErlhMR3PjUY8JKiSoW8pfkvcqt32JMqEB2MNlthc8B4X7iENPZCRMg3MSgHslGZNWj2dlPiQ+NqSqaxIl2QJAfMuXUERVxNrE0cagEJcLVlQqUWEIUJXqF6fjUrwG4SZm6gnDkIcmVGA+JKlcnCVmE2g8ZsCaRuK6kjofm8MYxWdmppn2uGCN3nE2qcvUGAZO2eRdypk2Z3EBd0uoR7m2pjV9J0O1/Bi+Sm51iV6K4SAxZnIAjCUMwFCJuC/ogDESVxm4RyVFvsMJdah5QR18mz6lIDdvwG87mREr4U7EfD4D5J7GfdHpGXlWgG1wSs6hoiOV5EHNcPNSokqJwIoqWqcfcaAXQe443h+7f4iFS315+mU5qwwBLm9ystG0O6rrXD8nGdJ44UNx6syzqiagwgYyMA4OeRQyrOKlr1uCL2hTF1EF3Le0GDLlwlEYqXDSBmHBYgQPP5iuShfyHmOphYPCIPcUMs6aYnQjPCbZyz3BY4+FcdQ4HiscNiP4mX8DwE3dLRAcGMVCb2vHpM/I81FtkAWQfcSu9yB8J8HMFbCzqdrvcXViBhwRrvM01Hg4QEoGZQfcGAZQlvBhmEhCE8movYRqEco3s5Xqg/pBvg+FS88kGB0mkQYU18Lh9Lmb1Wyie0w9RmnG0uPwJuPDKhCVnj6lnri3bDcFyprGlmmUbhyxuXFlX1ReWLuGxNFIHUFRleWVbMZV7yK6Y7p/coF2HyjHaZsMyo8Bza88AQRWO5fkUqY+7K6lBdIHbKcAlwIWn7CXtHRjbJGOEzKmT5qUuFj8ldQewIlg17jdl8vCR5sYX4mgcFj0yL2JXuQeU96exgJiggF1g/A51zXqx5qVElUfER9jLqbBUWZSL3LK3K9DUJ9omB3Eyy2EC0hkPmmNS1KqL0oUqZSVbkkAALlXVY7U4JQ4HUfzY8EQKdABRwiMM1+KpUdEfHOGpZyDYEU1+7HrZlR4YR6kYrlV6nuxPUHEAechpGAOjk+eGYZlXFxuEsgBElySvgy/fjjhkLczgEBrzBsplFatB6D1Ers3KkvFRALEGVzIQ+A8jNajSl3LfpMYEWJo7YC1sK5n3HIFkyX1wBXLCJEVyQ40Gmory2c3TBbAmANe2OW1efAM6CnQ1Bh5xNaBweCEfkR+LDDw+efKEsn2kyUy+Hj/IRU3FeRzGAV2v3K14PNw84GVuFYb9xAfUSdn3PJSG3+iBVr9TElY/UYZzfaDLiXsYjUpgzU0niXAS7uzqUje2GgcHxSNMkORA4LwCzSNe5fu2Hbc9EIA+s9KUeOH4Mdw5MeKh8jgxX8dcuWh8aD3vimPsjtmvtLswdJTKX/AGwHgmXX4Y6q7SVFKZOJb7+mUQB7jlAh/iOptxbtma1iZash1qJcPUDuE5cw4Td4MZcFH8BK4TG4SocVQ/kfiIQhw/J+L8h4Z6JiPiRUMuYR6ZgyQMtT8JdWQAFLG5jBB6j5u33wDJ4lRluSJU7FbOpKJ3k+4NcwLYTnKYk38rl/NlXKYGNIvqP+hEODh5Yc6+InU/MBLB8xKxwxjHTNQ2eeCaBg+y56GME9RUu2CB33Hi4iF6Z3oRJkgaG4BQARLm4T8dkI2meqz1ppBBly+T5E8E+/9SfkIcPBh7IvkZaSxZHm5qD0GVZEX0me5fxryxTEF7jHXACCrGLEvzDGVEuuGYsFTDoh4ieiaJkcIymmk74BB8/Jgwv9I/A4YfLTzrhJpl3L4uZpBxXQEzFCp6a5a8l9sxUYjeTNiR8WoN1cQ7T1MTvESd551FcS+F0iWhmLiWiMqEeMlthDp4WZKOVQJZE2sj38LjF/E/0by/wFLinmAdk2xhu7h5p0SzxSeNnqOwWLU3LiYF1NzGFWgpd2y+zE9OH+4++MeDgXHOd4a4MYblRUzCpZnQ5sNCMqECYOCfua5hwRlj8z7+Xwv5nyYfxjk4ZZ5myE6BOlbG6jRUSp2cJX7x8iZEW44l9wedkL8TqKVLvBFA4gVb5mo59zUeXhDsIeyL8QnTPDSgGI6goolmVlJcL3EC+MLRg+eNRfNwJuOHZLvi5cuX8D5MP4xKeZuBO0nQ3PEE2ziu1lwZdy4MXBjwgixXUt7S3hcYZtN8ubdIhyiaN3FaxZaQfuPHUL8y5xHlEazzS8Y5Di4QBHvnuUhDEJ+REUz74uXL+F/A+RzfNxLaTYiDMWxugRm2Dl33GEeRmZ4DNAorEIwLLDygLuGkudImx4EXo6u4nVE2DFXSxhZYRcy8TeJpZF+CSWb4Ikxx+OVcLiXNEAyjDqZdSvMdbLlwOpZ5vm+Ll8X8L+Ny8yyIbSbQwGm4yHgX1HaUuXHglyoQ0B4UqC7Z0lw6ZEWw4B0bYedH6lWqImrCOcyR2stmYMeE7l3HiOEjgxFk+Pcvxz3P3Hplx+rANyJgyC+WwHbEdMvBslG4vPSD5ly5cuDL4uXL5uIdk9KelPWjvGapuD0p0wi4qbvLty3aly/lUG0M75EbxCmVwgB6JsRB6zFQ7CorblvMWHSO5vlJfwIc5JoCWsOpuMT3h8iyV9zHBioy4dcuB54JmVMVm5SOoaWXZ1LCzF2tE9hOqVLO0KOLiXc9hBbHCBHcZAaFieoeqPQR6gn1E7jFtqW4X8stMy+Lj8kdTVqL3iH2nQTxwj00M3cSC4d5xPng4uXLxxhIMZctLMgzTOGZHZQ4RvC5r2VDgKmWdalvGYW8c1ETqVKiueF8v1HeUPuWmSVYlAzMfds9iW6hTQR7lSzvPdiu1DzMYuEv4XH5kvjMplnUX2g+lGbxO1B95mnEeoJ02G0uabE26lu2XLjwMWdy5cRuaIZpYZuX7jsQLzCDUYEAOuK51w4Y8WmJe1M+o47/UOEPUTUodQK4vh13L9ShdS0UaidqAg2i3n4kvi/gS+CHGZT4niGJ7RPfnRfU7TOwwfUD6TwCL1mzE0DcHqEaAnYo7i8vN8XGEv0M7xG7hDbYEwZphx3NkGPA9Tylx88PA1OoMQSjSYEVjMJ+o/fB+Jf9xqu+H1Pvj8cFGVQTpXuJksODjvmnxLumHnQftBY7HAOxge2HneEKCQPpKukx8SnsnqR8KC2Yh3Ogp1yotG2c96X7Zb8Ll8MGXKXqa1TYFQKynSXDGCHDL4IwY4ly+CaYPUWJdk2Bmibn/KzJCE3LQZhM2hSnoSPhC8wp4zPzLn4jw+7lRG1uVcu6ZqlB+p32UjtLAeEA9J6iUfEp7Ik6cAPPE+50xiOE9BPrjIjvLNqexlvM+0uX8L4eFl85hjA8Y7SofeZrhAGj4D1HfJH4bJQ7g9ibQwWlZ3zfoE7/HbVNAp19RkAbXNSZVoIkFKMxicVO8QtmHwx3GfmfcFuaITxCV9In0j5Y9Qz0joQrrEWlTvHyZb2lnuXni/jf8AJceMy7RNUpusQe06y5qh8rl8DlcWA2JsTDaLLmAi3hHy+9DWc6KI2ge1nQ3DUMA6D4Pwi20IlY4paZc/Ecdz/EYejhYjRE91OwTzLLcXxfNy+bgy/wCAfiTPiC6GJ7RvUOxneTqIagmD+C/jSZUCaTPAvHvqOyqaZTrKmC4F3mFVWaAynRy/B+Fx4BsS9eNS7ExLlsv3wfUeD+G51yPBzmUy3iehgvaHnRcDxe+EDbAdQPSBdE1w/G5cv4XLlCZ1M02YnUTvst7WaWG7VD+U14lTQcE74YcXBjCPwuA2kdgzRNzriWFEwXH3lz7hK91M/AZfyzKfEt0oL2ie8E6h3pPJBAeeB6hMD0lfSHhSng+Fy/my+L5uXwSdzfGaIsb0JtXD3M0qi96hWS5rzAKwfC+LjL41L5uzgHaTcmF1bxGupNy4rB4FzMqHpBTBxnipmfnPH//aAAwDAAABEQIRAAAQddhZiqf/AP10qH+HNNz/AMo8v9AnsX5o7rXAWlmyoooZo4Iu0l9Dh7b7Z47bunNTtFNcJME5uhTC5VUUW2JGyX77tcb7bn1UCSTaKQaajB9wbjC/bc4hx8JQ7U6RhwVCzxM86+EHrqqP9j7Lb7qZLSiwAKNlCgoIaT2GgADyGr9D4i81y2JfPb4r0sPRLoo5rrAB3+jiaIzSxrcThw2cJnkX6pSzj3tJ99fEc+CbKr+OZ+TDRkAIyYb0EP3w6LPNAOt6c/qDDzsaLbeaCl7d565eN/PCwAw8oGcswWNtjQ9kwiUh/P8AcAYQkIkgNQgvIjQJKsHfHfZczAJxd2WSv5w22KQ8H1vve+ksQoII88QMo4bfiCfgw0jrRMWc8nV3I4K7nwJT4eCpVCegS5uSGgo8yu4gZ9cl34Q6T6yrJeYGR3RM0J0WTg14Q2C/QFb0+rs2suNeEZrSuxcU2eGLvlLrt36T1q3U4IUyGkvJT/jXZ7G06skWdYxYvSgGqKQ4pSc7v/jSPpj0KrO8CDjfB8S9JV/mJJa2WvCPhqXf/T4p9Hg9E+SGthIPU4BVS4Qphcqm0AGy+ID6SFwu0uLDB3NU66P75LkU9WQZ/givHyhlatUWrH+7cqZJWyOjWuruXhxjWgNosPLmTpZLumgS1x0eY+8U4WKCHRxM+CuCWsnOfTzX/XJAz3pNk4J7t+jqVD0ShEq2AhtQw4kcIkGSUghrTDvbvr/Itlk7DugHlW+EFwStmO6utqYCOOqGu2Qa+Ww8MtgoIqDZaLJYshLG1wGuXLk+r2vqOGGI6mSyUC6a++RH7kkbVKcpAEdeF6onza6a+dcufbSsnT9KaZ+GcGGG6KX8OPDSy++++++KM4TH4tmS0Rvrxo2+drylmlhgRRWeSSib88pAAA888884fsR9coNDVMQMKLH0QMc+LnBJCVP2aOW268wUAAU84wwwglQm0AU2bzxjuEO/85w++5YYueSymiKWy2GOqw9qXr378kZIHcGjLOtrTsrZPqxfEUUb1kAiegSa++mxnVNyz+/7UHSCEeL+A6hWyLQPijY10LDJ0oj26Q2OlOqqdv6es+KoNWPMoP5fsFq12JDfSCDqjqSkAAnlbDmkCPZphY1dBRdy/wC3bfkMPpLMxbnuDCZOvFveukEIq7SZQPOQabTIdT0+bHKyw12BaZdL2srjf8cnGm2W1TYEHPv4WSPKadVVO7+n+bQMNBGSruXq7VmrMVziNFQjSAY8t89pCWAxgdValKXFtooKQCXZxMcPk5dMaEAN+6uRZHK8r/mStIo1jnUaajvX7SRHoUmuw6whgebFlgikkZ+yP/Q0IKtSvttsroUo/wBy61OA+LdJ9z2VcAUA7xI7Q4edlulrhNmV1iT1UN2C/wDn2CM+TDbauIcbVdamH3z2t82CgG2R2HM0z6IsZ1IIEoN3Dr+uB3Ur6SI1lwQkAhCk4ACoIKKvQThePN4AuNRVxerjzXTDqqvIpaZFLE7OI1WDQ5xvWuzYNIkzqFJGZV+F1p8xbHTK36SZgIHAVOBWLxJ0OSyk8l85kj9g/wD100guL50ZVUCt2f60lBuhuEAyLf2WqeOb9PAwGAvthMGxGnIeTtrwV7USmOOZJEic9RGHifpVX5EJMR6AaOvZs1uF+dnyrm3jv2VTeblTIAZgymwFNkI+Ka8cyxosSXSssYFwRV6oyft18JJyYUXewMSH4IBEJVq53lTDcelYIvbQVKAreuXRJVOQERE8jjSaI+3IeI0+16mbyqs2tLgFJmmPcFIKxbKjVgBmQCKF60ZjWTuwjtYjih95/XJg3iMnAGIERQcvqo8ynRKzybQ8zHf7auvmJLMY0bVIdhGZbDGTw/8AF3WeuU4IfP6DZF2pZoMWHjByu2wORSFpWZLOBhIZbtHpgSMK6psZnaTnKzu7eZ0ggHxqK65+EB6jQ/sJz60K+C1m6roPTFMD18sgeuEx55ktp2F+/JDTP/JuKHKtvsRF1pQkYI9269HKatbboxIQh5iKXSTuWMWrbf8ATjiKePb0AKvubvBdwdc9bzXnse64XO1jJkg60oYlUb3UbX8PXf6HU1tUoc/36qrmfdncgLXOWh99Vu4Nx1hwBijOP70gMZi6uVUUI97X7e+1lJ/CbHScPFFyeJ2P4MJtQ965qG0TsAt4YkbzQRt3WRCBQ/BcLBz9/XRJ+qNtcWo0BpRfw1LNnUd9WDR6nPl5/q35RSeAAmHgrluUYoqSYMcqV5QwBQuEBc5klI827y3iZ1QGXukcKv5u4oG2mMsMmySuhfVlRayxJ/XRAQricaOWOaCB3TvvT9JzfCmAw84km6YNpFDTYLkqwVhAjAW52t9z8Q9DlBx1ZZnhxl4MYQo2uRtzY1PstBA0RNY5NJwP/wDCYotc9/23sYfOYZQbFhFgef2LZnV4qwZDRZm9KsT2/tOolflB9wBeODBqyZTCP+0nVxDPWUopK8AtjhXTdx6QbJGyZqgQWdJ72FdnL1sejOuyh6QQsDR+ztYgTGLBMADIAdW6NLA0o1xop+kDAf8AkxAinItuvO6ORaS3hOTC9Eg5rHh5yWk9T/D8Ev34srUelkTWjJQ0lB2udMYtmZZJIjY2c/ETJq0jbXYVj1DY8ZamCMW/NWiBdPy0UQmV2JoVPlA92oY2hAYc+AnPeSC9bSpDrnz0EksbWFqfOD17pqhSaW9AU/zJf27/xAAlEQADAAIDAAMBAQACAwAAAAAAAREQMSAhQTBRYUBxUIGRocH/2gAIAQIRAT8Qy38Sy9/BeDFeCxfifyrlCiZbFwhCEwlRrHCGrC/jXJdCEM6+hF6IZCxcUpRK4Igh0U3RttUiYhLonGYfxrnMIXwI04EaE+hjfXKDINfEhfKsiCEUcFZKhzii4eGsQWHwXOckLWGKUrLypc3F4tcHwWYQhOTELCYhCfJZJxfXNZpcTEJwQubWJ18KkpbF+cuLNFOmH+RD6LBIyiZph/EUNcG+UzCfEZ0RRex+ju/mfs9C4ZfgXxvOuE9GqxJLWX8SNjU6MQ/hSKYmwaiivgHaEYJwXGlKXh3CNxD3zQlFiXCCBDHHB8YP5lhSj5oTB4pS4hQanJYvxPlfiWC5LDFzcTKLzWL/AA7C4Uonh8J/8BthMPEFwJYZeb+aEIQhCcNxuCUo8NwQTyhBul8U5vhSlKU6KXExuMYnNBiOwGUS6z2YkQqTcFhCyh/y7YaENZa4JWNdFeh8FweH/K3E1RcURRazbgpMPKH/ACvE5GvBsapFMqCbQu5vD/jhCEysA1gaUIehQTDeBuxYeh6ICyeYT4piYgkUUVhMXFKNBJYKUYg0NiW4xOjeI5cG+i4pS/FWEEECQSERCsGI4F0J8RkIIQnomPCloj/Pf8KwX6F+x/o/0T7k+5+hP2f6H+hUxI6id36KUuJm0yjDEIToVx/wpvSfslejRej2BK9Iae5QnwUGy9ILDCWGIpcUJtjUSjfChB0iffRiH09iVK+evo/yS9o/AboMKlkQTCpX+j/HBJEM9Fh4TDP8QJU8X/BKZJOD9tCypDVirHaDVemw1bXwfififgfkaJFI6YH7sj7HKtICGhdvgkIZQbHUfp3DSEiyvRE0dHGda9M2xp07HRbshrpCaSk3rnBInAuyExToSx0OwxYgsMu/okCULMNBog4JDErKG2sUlGVJohq7z+oQ2xKXaYl+meQzbohbDokfqKzWQlluiiawsLLqQgL9EuuI3EOFf9hkuyRDL8aHorCZPCSdD2omKsuzEhr2NJMUJ5RtYvDfC5T/AOJwbHrGiHfkKBrd6E1xCfyNd9DH6E6LCihYYdiCwNQoQCmxDVcKMaqhUFwgj1zpPBMpah1pqvkQ2xBEQREIoiXYhDgoQhKvB2OlDymCejwhlcZiKbF1gopi/ChhNs7FUISuQmGhj0fYKCEOvBrLrUJFw0GjxUkSk5/3SvR0OH2LsISx0+NViUESjUOy4SOhhgu5HhdlFBx0NfB2UN2mGYFIZ0ZoTE8VOsv4E0XMuE9aKXTwVoSXYvtEiFqICVIujQ1lZaHakG7K9Jehn2D2ITwRGq4rjAk4aEGNi/B3R4JYM7PCDUZIQGicEd0PpRnSZGCbY1ilwSGqvxLzAojYror7EoSmKEh6DRCEwkSVEucYdiGJ9YJmFGKdEnK4pS8OszLwsNUooxrThC5Bo6T7Q2Ehe4LOD2JHuUsSH8ApcLhSlLh4RciEGiELkELshQdJ6f8A6FgUYlRr+COIgxoaIZmEfkL3TIeM/NiZ4zbC5vB4pCDRQrAhY0bGhoR0x8PPBg19xsGM+iISLLwxBqc0zYikyiZqjpOx0ljE+DZAnw/RO0ypjXtjKJm1XQnsjsFCTQ1i7eJJ09ol5CHYNFsKUbwxiUamVlUp7DwtD6Z71QmadkkKiq0TJT0gJki6dBggsew+5jxtOHartP8AUeppD1g1bQSkSEOjsiWFOg+hjGqGRF0xpsF6EFSLhjIn0xjR8WoUOx7yUtCWGFY1EpJNCQqZ0KYTKNlKUYkkj6OVotrser1NosptHVEqPDBHcGVbG1ei0jDr+lyTmUhrQfXRTVQhB6O0YQ+xsOhhVNE/TSSsXfaI9q/6expF9p9jf/nAjj4N/gn6UPXEEnKjG1K0yXsolTXGlzWLvGuA8PXBMZoeOhBWtlPaGviGNJDb6N/rP2Y37bJejco2RmmQkrBqC4IahtRTTHMNLy94FI7G8vklEhfUhHwT/BnbEvrF9rF+hHw/McVISSEEwF4JWNXcO4sFS0WISfoglxYWjKUTJxYuDfoJu1Z26QxYcQ9hjT6fsfqeIfimO8HpDd7fFaDUJfg6eNCxknrihqmhq5TkjVo7fsxNJEbJmm7Oq6Cfo3rZsGNv4XlCIfQi7E14Jlodohm3fhvgohi+FqsH4OFfQ27Y22X52sveoTx9MR2EdocHS6QhOkWDj+NfwQDYal4vXHbY+hMVOO0ja/jXwJMTtIX2Dwh7YQ32I7GjgkCUaYITFkV0C6Qf05LhMQmJmYgnejRIa2z0BHwS/EJekhIHCRtGL67wg7VqDeE43woHlBwmYQmZiYhCYaBHlDmwlvs0SFqIqNgz0jwLCKaR96CIJfQjvs0CIJqNR4LFBqYhEsNiMIyMT9I/Bif4L6xPPUyPsS+sT2aRH4oSLWNgz1jyKMItpwa+yX8poEJCZarbNo0J6dPqYhemICopvhY0yErtxfSJWkfmJV4RYR0VDRDXtjV6hH0fimV5gz29HbEhvs1iElnYM948Aa0kN3psGxs2y8GPQk9PFKxMd32Ixq2xo9H4EeIbvQ8A/PBX09TE7YX3H3MT32J+CRpCSWWiN6xbXY/obZjZ7LwTM0CYz4M9CKeTs6YLLBI1UQy8e9icC92JXgn4JOkiWkJJEXKoo0bZtGJ67PqGq6Nsy8E70eceoLfHlQyD8B6UNoyt5R4sao8PlSRp2xr9H9o1D8kP6ofkhvG/0a22NnvjDQI86ENsM9UO6Q2jG298YaBHhDewnt0XdBudMbKP/8QAHxEAAwEAAwEBAQEBAAAAAAAAAAERECAhMTBBQFFx/9oACAEBEQE/EMolzWvFkIT4MRH5week/jRRH5zuwQa26UvBRPJ8J835i4wmUlCuCEJjcWPSiHg4GvKlF83iy5dfxZ6xMRTTGEJcmxMT+TILKX4wEUaMZBBIQURor5TFifxfG/B4XAghPrdT+DyjFYQvFHgeKspBV9XqFwXNlwtU8ILS4Efg33lG7xPv4tDR8fHJsbolwfBMYYhjSw9Z0WIMJ38zWE9nNiQ3B4VztWM6LF7H6E1IfyYxMXNl7GG8pfkfrFErEp4TFwUpeLPZ2WLm8b4BR/BOog6WEiHsFkIQhCcGM8YuTwxi7dFhcEyfVcGzsyCXF4/MeB7CE4CX7voRBkJ8fVhcJiE+DE6HiycEOfpwN8JwmTF0Tv8AgaPA1xhMWEJD2X6z+BD9H6Hiy49YY9R6JzX0ulRBSlLrPImY3XBJsgx7TEl+V+oojGm8IEmViYzwKRNPYsYGUG9XSGPDHzeL4L6+Cl4UoyCR+DR+guDE8Y+8X8qdEEvghiXPA0FjfWEPV8F9UqGLgagh4imxKaaom8TEPEL4IpS8KUpeEHkEI0MuJCPA9MSJq2lLzXNF5WQ0Io2Y9SKd+h8qGoJtTotrsS4QgvhSlLzognnbtLiKJjm6IIDddhidfObOdFFFFFFFFEIQeDYnY6RC5CavSDjGkQYkWTgv4PXgIIILPOg3iyiG7gJDYnp6LvtlemNXaLCON+7oIn4UURkY0Qwh4hcERr/dhva6j2EspcJiR4uVFFYbMbI7pCC2I8cKJ4s4SUOqXrG6Uo3ZB0XfZSsp1j6Ix9MarnRRGRiWIHeIbg3iRJJcGLKFuIpPJpMooPIHsGwoI2JTlCCNUi9IXg2h/wA5hDer2eD26hPWPHY2LVEuz2LR5MRnYvgyCbWifZeyxuN0axHQY2i4sR5Z0TwSOglYtMt4VwnwQhvYTGLiQiEEJkHw9P0Q9jmr4LcBPC2ev4ZuDwtSEiCQlXBiDzrgsRcX9afDcSFwfaGuCn6NXixCEN/p26sqdiZOBonBP5px7F5wQkfBMfCjG0KdCJKIb7O3BoXjPnRoeExNbRPFq5oSp1UShMeLjQanNPaUpeLQ1lG4pOLFlRTg+LRcanF5cnxnwC/vFiC6GNRk1ULGLixP0vKCc+dLzanFcTIdMuN9ahRKVn4B+hiFOF+S+MIJRoeUFqZbp4/NNilGveIQnhS8h7Wy4z4MdZXK0JhiFCFaIdIbb7erWE/m05ryhGUNkQg+nBr7GqeijwbP3GfQiQhCE1ubCesXhE8dBIV/hR39EJCh66KO6WNmUo+y5BvHoleNUcEPzLixBCYu19C3oJnlGylGKxSs7OyMjIxFJIjWP/BWijp3INiix4x9PjODGtSZBDR3Gw3LzUiplEYooTFZ2xMJOc4ND/PokIguMGrPRIhJBEREIQpAk5vwoUCdGLjeEF8jyCCeP2UNiiGvHw/wIXQ8H/qKXhATo3MX5NF6U8G3CEZZXE4F1xfY0ND6GaVHeLg1cPoJhcbrRH+A6ysowSQhPguD6Y2zsomoJkFwSiT4UbxBBL4Pmha1SMQ/Rp+CELtGGpOF2l/mT2no0ZJA8TL8ilLyv0pUNB531MpS48SxenheDZcpfnSN7KKzs7IyhBJITuwmUvBK7rY/mUpGtFyhPmCLEaN2XZa0TXg3Qw9KQQQTxOyi5RYjCKlmiil2MosRUaTyj4Nw6eFlFFKXO8jKKL3hHQnFF2MreCCLintLwY7ZRe8kEWKIJ0osopchQs4JzpTsj0g1xqWtlFFY2XnCMreCcqU7IyaTineE5zFcvyQRE50p2TE43Y4BR6j/xAApEAEAAgIBBAICAgMBAQEAAAABABEhMUFRYXGBEJGhscHR4fDxIDBA/9oACAEAAAE/EFXMsev3KpwpDeVFcQGpVbnAJY4wKi0MwOJWTcCEDiV5lWwNSoacTR8KrrKqJDLiJKjt3GT8ym1e7iYaNLqO55wfAfFfFSpXmVKldJUSPMSJKzKm/jRMOGDnjmXZ6vwMUq1iA5MgvWZ0fkNHn41DEJUyfaOkxgis3zOcQbY0dNfmZJh7imPqZ7zFCneCC+kL6z/WYOOYPmEGZX2PJ9RbmkO1wh6l21K8RCAfcSntDhqOe9QHpEWKzGtGrdJhitA+kgUBBPqf7qGJ9Q2Tfj4qqlVuWECnNzjio26StypUEqL0JtylNUqqWWFXrHc87LKlSmJUqVKgSvgJUr4JqJ5+SJHUQ52fb/yMqOTBdGyNoa8x06uHp4lRTbchNU8hc1JfSH2Z2bh0it7tTGI2ArUVPmHC39xwCiKsEb5yst6g0GLlYwWAOPiqhnpB+FMrf7X+oRt0K8wRZwhDHSD81fECkbVZlyq6VCeBm+o2NVK+t+W476/A3Az8B1iqguo3Au2Fs4jutyoHM1iOJmHxUrfxqKEiuFmr3joaoCpzK/1vD4rVTfEHNZn1KlfDiHxXmPSVUYSbym8H3EIUB5G5cuDmyE5OhPEJXmWdt/AXO8+p/wAKbQ+oZQOhnOmZwLg3AN4Sm8MFRcYZVupjozHeStxCutuoFdMZVyxXIxoDblAvFM4MIfqcgDR8OqDD8Qg8Zhn4anQxdoGOIY/5F0PzN0Bvk1DrvDCDbXSGKhL9wMcSukCjXwKfgkqyDTEyxiZ5hqVKh1ZRV9GAF5aZhsRTmcztB+iB8BDUrxEGGAjq2X1LEF5/1Kn7z+U02dhmuHU/EuFJK1NAQeYGu5e4ZjapU1/rDJMzxwd2fUW8Uor8Q+IneSUJH7r+ooxSC3H/AGJCvYKSGZm2oOIXOTvEAGWSimIjVc9YlkNczHSroQQHMIhindj1IHZEC6V3iOixqUqIytEKuB/MGoQdmotPFKY+EQYSAuYTCE6m6M8ykXbaMFQ9QPEubdYQnmOYKHkidKn19zbRCIYN2sBRWqgqdIPEJdQuDUq4d5VyqYFRgYhK3OI/A+5ZuGXOYFMsb9MwILLqzpcL8QYQJ9z9RiTcpKtO8Y6QBMfeYLzTbt+uIpms2SPMc0E7l/JOGh0P0ZhkalgFMZAfYX2TheKl5nQcAVYwDIqW7xlEpy/EvapFzNYAdlSgcQsNp49Rzxi2m7lmbSzEKAufuJYtcZItu1zIxTH8kqHle/ME3VUvDJeCCgDUMTXtNEAaJZg1LjXJbWOly9NBcyoKWzaXiUZyl4aqyHMh0RnQYYzVq7EriGoOqgADg1CEP3NzcJc1P5ggTGY+5b7l/fiIgLuBygsLU9yGBA8wP7hKlV6gT8QLIOmowY4lXAlSvMqokHwmsWEDWk0ErQgTYlTsQH5goOgqG4YzB+NRlyhqwfUdpPYfxNqTv/zAcEaBfyVKWD6KL+4eyiKbTwjcS/6MA9cxuCOCZZBXmElJZFl2P7i2gMIn6I7o1cqqlK1AshV3qeL6loiGSpVoH3KXbASkxLF2IjSEKFuGM5jXI6CGAOMEFIgQhCe4S3XS9VTE8DdxzGanYCXl6s1BHq6HZ4lz3SQRiDg1UAKoU4zHqh5DmO1tF5jyXcnj4rxCBO0IYxOmp9SrlHlc2GTt8XGLu2KGoKab2LpmkC4EDJ1hA+CBcCBiJXa4B9ytQMQjG5WPi5hnV6hEGBdWYkVr0ozgGgM1malsPi4sYu5Y6TKX8aY7PSPtTsDFVzYdWZ9DQ2Z1qH/wH9d9v6jIoWrHwdwqo5V/9V8BDoLcxGrcd4Byz6AP5lESdJYse4aWB5TmUVV9dS5WpxzEKCPc+EQm5cFDheI5ACnQGEDLjNlQiFDgxdEYKEIijjD38CEPz8V5hDHmE8TJFfKCY3R2T6wvWGq5zBVe4ToCmqxGZ0jiHuGMwPUrMP3CVCBDEqVAqVmVKlV4iRPMyjmOieeOYQld4RGkquZU+QPwQzLzLixhgbl1MiNJQKuguMhJIQXijLlpYuvMZaRdjcUQRxqbGbLX16wRKs3FqNUZYLN17mC8/wDu5zoyy5wtKJZl5gywVwQ32XiHEDrUomYxaZSYAxxcZll0Z0e65RHBKZ1amDkJFiS9FmdNSxRYd4mX1vBCHwfBDEMzUPUvHoMS0SxyLdkuxcNBXTA8QiCl53DFVqDtAe1p6kDsT9fAwgcyvEC/lXmE6fFXGPuaTOVXViCMxc712j/d3eIpco0nJOuP5nMNQYsXMWLFg+JpuDzLovwCkrYD6ICgAdIBlQO8IrgpnhiyNMGF2+BysExydV4qbwMza6m0R6+A094r9QjVqomWOdwsLvH4nPwMYCuiUlsXgOsDbbeSHGMUL/JDD9iOkjwxLAdC68QdMTu2BAVQ7zMCBWuJa0rNwn1CEIe4MPc+pj2QGsDSNM70hmK6b0mWmKAxcWbqIl65yxCIWmdKnacmpVQmUDOyoHqVCK+4Eq/hqeBGLxMo5xBDZu25UsxGkbhjr9ywy4Rq9f8AJVt4n8S4s381mMUvzF8TyR8oGwtfuNUId4kMDdrEdaPWWYKMUxoO8xF0IbmggoVYIkczaB9Q4BQWx+W8HRMnAXRSxNLDJD+NDnmAYDtMjvKe8SusAwnuHzToS9L4v52ge50M7yn+JlQ+iDFpOMq8wRxHZq4REhrMHM+4Ofg+CHqAqB6VFoy0BiEsFDMvupJaA4uYDnVTOunTBXCSauK6VjjmV5lVCrDpLI5QtjUCGJrzOIRjGO5ueJsIq7qRg50dkum+Pi5xF+cS6ijFl3FXWW1wL+J3AbgPi+LYFrDqlfmU4s6YShIho7zADvcwbrNl7Spd5tfQqLLjKg5wgQCoYt/3tB8VNLKj2a05Iqf8PM6siFpDtibb7Y7i+5tJmRAtmz/4qV81MwUbl2Ed6i8OfcbD2GohMInZhD1D41B/dplIro4EovX2jvVbDTZdYlh3cRrxA1jjiJb4ju1ZdCVxTcAwblBzmHBAohCgImCUf7iYHWBiBdGpXWb8QTKVPY4bip5ZbjPbR8PSX83FGG0WLEEMI5jzhtKJ67+P5jiinCXLKhLY8SseJrOhBXcYcu7LS9IYHzLuUDKH4nH15rMNapZfLHL/ADREGO8xm1Pv4QfKWmJgzF+fg0ALMoDgeLlWgC4L0dIKU3X/AJuYlSpXwl9UzjB7Lj8PlTYj2T8ez8HYiKi9kmBgNXkmG6uWuWodH1LLxWoCGUGAL2XKFFuxg6gCi3ZGLEVTFM6XEU4JtL3tE8EdMOY5GWCge861criPqJUEE1faXbvCLrGVAF0+iYDNF5KEecWnBBEvyCO4/DHaFdHEu83Fj8HHzGesvnWj8w0p4oD7f8St9wuZ2qAEdNlIrZiHoQ4Si2cG8/AnbQ0FxfMuInbFS+vzcv4TXwQwMUPMVl+SX4g9rj4qdxB5XHUTbKSyBcr5GtKT8FkeCV5gmBqmYQ1kXmG5o9TEMgoLbVUCXKxW5gZ2sG1FcamY8QwGzV3AZUmcVmDZtdx5TJXaBZs+5WaODGKjpeZgb6S5sS1mHidR1ieIJWIw5mRwULLF3m0xBFjOwTdytcUrvXBFeYDeYX0iWzClIkFy8D0lZo94jX2pYLMj3+Pp8JJhd2U9ifR/mJQW5gIBs1cyyC1WflYszpiGggqeEA8wUmlcev8Aaf6mYnXV4Y0D1mMB3MUBo3hX4j/iQrik63OQ+o7yPUv4yt3+r/sfkEoOpzLjDEupb8jTf/i34XfxufziqI1ZT8VKXrcEru9piKXeXEK7hoaMTA6bjTqMoRykYrSpODvMujkO4Kfj7jAuucRc0opqYIbvpKxYvrEt51DWvDGomWMXMF56QUeImt6jRMYuyP8AUdv3Q5jKDpMsc9hdzTqYsICvECxDOp4qOIUkdCo53meG5934Ce/paiICTo5gDKdYnQX3nlNw47jPNX5P8SouXsdf77hs4EHsXMzuzFxB', '', 1, '', '', '2014-11-04 00:00:00', '1', '', NULL);
INSERT INTO `users` (`user_id`, `email`, `password`, `name`, `gender`, `profile_url`, `username`, `birthday`, `location`, `rel_status`, `image_url`, `fb_uid`, `ulevel`, `referral_code`, `num_users`, `date_added`, `active`, `options`, `parent`) VALUES
(3393, 'test1@test.com', 'f5d1278e8109edd94e1e4197e04873b9', 'Tester1', '', '', '', '', '', '', '', '', 1, '', '', '2014-11-05 19:04:36', '1', '', NULL);

--
-- Indexes for dumped tables
--

--
-- Indexes for table `client_data`
--
ALTER TABLE `client_data`
 ADD PRIMARY KEY (`client_id`);

--
-- Indexes for table `client_meta`
--
ALTER TABLE `client_meta`
 ADD PRIMARY KEY (`c_metaid`);

--
-- Indexes for table `finance`
--
ALTER TABLE `finance`
 ADD PRIMARY KEY (`fid`);

--
-- Indexes for table `log`
--
ALTER TABLE `log`
 ADD PRIMARY KEY (`log_id`);

--
-- Indexes for table `settings`
--
ALTER TABLE `settings`
 ADD PRIMARY KEY (`s_id`);

--
-- Indexes for table `ulevels`
--
ALTER TABLE `ulevels`
 ADD PRIMARY KEY (`level_id`);

--
-- Indexes for table `users`
--
ALTER TABLE `users`
 ADD PRIMARY KEY (`user_id`);

--
-- AUTO_INCREMENT for dumped tables
--

--
-- AUTO_INCREMENT for table `client_data`
--
ALTER TABLE `client_data`
MODIFY `client_id` bigint(20) NOT NULL AUTO_INCREMENT,AUTO_INCREMENT=6;
--
-- AUTO_INCREMENT for table `client_meta`
--
ALTER TABLE `client_meta`
MODIFY `c_metaid` bigint(20) NOT NULL AUTO_INCREMENT,AUTO_INCREMENT=91;
--
-- AUTO_INCREMENT for table `finance`
--
ALTER TABLE `finance`
MODIFY `fid` bigint(20) NOT NULL AUTO_INCREMENT;
--
-- AUTO_INCREMENT for table `log`
--
ALTER TABLE `log`
MODIFY `log_id` bigint(20) NOT NULL AUTO_INCREMENT;
--
-- AUTO_INCREMENT for table `settings`
--
ALTER TABLE `settings`
MODIFY `s_id` int(11) NOT NULL AUTO_INCREMENT,AUTO_INCREMENT=2;
--
-- AUTO_INCREMENT for table `ulevels`
--
ALTER TABLE `ulevels`
MODIFY `level_id` int(10) NOT NULL AUTO_INCREMENT,AUTO_INCREMENT=8;
--
-- AUTO_INCREMENT for table `users`
--
ALTER TABLE `users`
MODIFY `user_id` int(10) NOT NULL AUTO_INCREMENT,AUTO_INCREMENT=3430;
/*!40101 SET CHARACTER_SET_CLIENT=@OLD_CHARACTER_SET_CLIENT */;
/*!40101 SET CHARACTER_SET_RESULTS=@OLD_CHARACTER_SET_RESULTS */;
/*!40101 SET COLLATION_CONNECTION=@OLD_COLLATION_CONNECTION */;
